~xARACELLI1x~ 90:48:9a:b0:cd:4b -56	~xWLAN_0310x~ f0:f2:49:30:03:18 -48	~xWLAN_6DDBx~ e6:ed:c7:7e:33:29 -66	~xMOVISTAR_05DEx~ 08:6a:0a:61:05:e1 -74	~xARRIS-5EB2x~ 98:6b:3d:bf:5e:b0 -80	~xRODOLFOx~ 94:e8:c5:3c:2d:10 -82	~xTP-LINK_9D7Cx~ 84:16:f9:ff:9d:7c -83	~xMOVISTAR_EB90x~ fc:5a:1d:25:eb:98 -85	~xAASC1x~ e8:d1:1b:b7:f1:a9 -83	~xHogar Ilimitado Entelx~ 54:09:55:db:1e:e2 -76	~x martelx~ 60:19:71:a9:c5:80 -84	~xMOVISTAR_2D90x~ fc:5a:1d:07:2d:98 -90	~xREBECAx~ d4:7b:b0:83:ec:fc -82	~xDIRECT-Dn[TV]familianavax~ 4a:44:f7:9b:28:31 -81	~xMOVISTAR_03D0x~ fc:5a:1d:62:03:d8 -88	~xMOVISTAR_63F5x~ 1c:b0:44:2d:63:f8 -86	~xWLAN_4673x~ d0:84:b0:fc:46:79 -89	~xGUERRERO CORNEx~ e2:24:9b:d5:1c:0c -90	
~xARACELLI1x~ 90:48:9a:b0:cd:4b -56	~xWLAN_0310x~ f0:f2:49:30:03:18 -48	~xWLAN_6DDBx~ e6:ed:c7:7e:33:29 -66	~xMOVISTAR_05DEx~ 08:6a:0a:61:05:e1 -74	~xARRIS-5EB2x~ 98:6b:3d:bf:5e:b0 -80	~xRODOLFOx~ 94:e8:c5:3c:2d:10 -82	~xTP-LINK_9D7Cx~ 84:16:f9:ff:9d:7c -83	~xMOVISTAR_EB90x~ fc:5a:1d:25:eb:98 -85	~xAASC1x~ e8:d1:1b:b7:f1:a9 -83	~xHogar Ilimitado Entelx~ 54:09:55:db:1e:e2 -76	~x martelx~ 60:19:71:a9:c5:80 -84	~xMOVISTAR_2D90x~ fc:5a:1d:07:2d:98 -90	~xREBECAx~ d4:7b:b0:83:ec:fc -82	~xDIRECT-Dn[TV]familianavax~ 4a:44:f7:9b:28:31 -81	~xMOVISTAR_03D0x~ fc:5a:1d:62:03:d8 -88	~xMOVISTAR_63F5x~ 1c:b0:44:2d:63:f8 -86	~xWLAN_4673x~ d0:84:b0:fc:46:79 -89	~xGUERRERO CORNEx~ e2:24:9b:d5:1c:0c -90	
~xARACELLI1x~ 90:48:9a:b0:cd:4b -48	~xWLAN_0310x~ f0:f2:49:30:03:18 -58	~xARRIS-5EB2x~ 98:6b:3d:bf:5e:b0 -75	~xAASC1x~ e8:d1:1b:b7:f1:a9 -85	~xWLAN_4673x~ d0:84:b0:fc:46:79 -80	
~xARACELLI1x~ 90:48:9a:b0:cd:4b -48	~xWLAN_0310x~ f0:f2:49:30:03:18 -58	~xARRIS-5EB2x~ 98:6b:3d:bf:5e:b0 -75	~xAASC1x~ e8:d1:1b:b7:f1:a9 -85	~xWLAN_4673x~ d0:84:b0:fc:46:79 -80	
~xARACELLI1x~ 90:48:9a:b0:cd:4b -48	~xWLAN_0310x~ f0:f2:49:30:03:18 -58	~xARRIS-5EB2x~ 98:6b:3d:bf:5e:b0 -75	~xAASC1x~ e8:d1:1b:b7:f1:a9 -85	~xWLAN_4673x~ d0:84:b0:fc:46:79 -80	
~xARACELLI1x~ 90:48:9a:b0:cd:4b -49	~xWLAN_0310x~ f0:f2:49:30:03:18 -57	~xARRIS-5EB2x~ 98:6b:3d:bf:5e:b0 -79	~xAASC1x~ e8:d1:1b:b7:f1:a9 -81	~xWLAN_4673x~ d0:84:b0:fc:46:79 -82	~xRODOLFOx~ 94:e8:c5:3c:2d:10 -86	~xTP-LINK_9D7Cx~ 84:16:f9:ff:9d:7c -89	~xMOVISTAR_05DEx~ 08:6a:0a:61:05:e1 -91	~xWLAN_6DDBx~ e6:ed:c7:7e:33:29 -87	
~xARACELLI1x~ 90:48:9a:b0:cd:4b -49	~xWLAN_0310x~ f0:f2:49:30:03:18 -57	~xARRIS-5EB2x~ 98:6b:3d:bf:5e:b0 -79	~xAASC1x~ e8:d1:1b:b7:f1:a9 -81	~xWLAN_4673x~ d0:84:b0:fc:46:79 -82	~xRODOLFOx~ 94:e8:c5:3c:2d:10 -86	~xTP-LINK_9D7Cx~ 84:16:f9:ff:9d:7c -89	~xMOVISTAR_05DEx~ 08:6a:0a:61:05:e1 -91	~xWLAN_6DDBx~ e6:ed:c7:7e:33:29 -87	
~xARACELLI1x~ 90:48:9a:b0:cd:4b -49	~xWLAN_0310x~ f0:f2:49:30:03:18 -57	~xARRIS-5EB2x~ 98:6b:3d:bf:5e:b0 -79	~xAASC1x~ e8:d1:1b:b7:f1:a9 -81	~xWLAN_4673x~ d0:84:b0:fc:46:79 -82	~xRODOLFOx~ 94:e8:c5:3c:2d:10 -86	~xTP-LINK_9D7Cx~ 84:16:f9:ff:9d:7c -89	~xMOVISTAR_05DEx~ 08:6a:0a:61:05:e1 -91	~xWLAN_6DDBx~ e6:ed:c7:7e:33:29 -87	
~xARACELLI1x~ 90:48:9a:b0:cd:4b -47	~xWLAN_0310x~ f0:f2:49:30:03:18 -60	~xARRIS-5EB2x~ 98:6b:3d:bf:5e:b0 -77	~xAASC1x~ e8:d1:1b:b7:f1:a9 -84	~xWLAN_4673x~ d0:84:b0:fc:46:79 -82	~xRODOLFOx~ 94:e8:c5:3c:2d:10 -86	~xTP-LINK_9D7Cx~ 84:16:f9:ff:9d:7c -89	~xMOVISTAR_05DEx~ 08:6a:0a:61:05:e1 -91	~xWLAN_6DDBx~ e6:ed:c7:7e:33:29 -87	~xDIRECT-Dn[TV]familianavax~ 4a:44:f7:9b:28:31 -72	~xx~ 24:a4:3c:4f:1b:fa -88	
~xARACELLI1x~ 90:48:9a:b0:cd:4b -47	~xWLAN_0310x~ f0:f2:49:30:03:18 -60	~xARRIS-5EB2x~ 98:6b:3d:bf:5e:b0 -77	~xAASC1x~ e8:d1:1b:b7:f1:a9 -84	~xWLAN_4673x~ d0:84:b0:fc:46:79 -82	~xRODOLFOx~ 94:e8:c5:3c:2d:10 -86	~xTP-LINK_9D7Cx~ 84:16:f9:ff:9d:7c -89	~xMOVISTAR_05DEx~ 08:6a:0a:61:05:e1 -91	~xWLAN_6DDBx~ e6:ed:c7:7e:33:29 -87	~xDIRECT-Dn[TV]familianavax~ 4a:44:f7:9b:28:31 -72	~xx~ 24:a4:3c:4f:1b:fa -88	
~xARACELLI1x~ 90:48:9a:b0:cd:4b -43	~xWLAN_0310x~ f0:f2:49:30:03:18 -58	~xARRIS-5EB2x~ 98:6b:3d:bf:5e:b0 -80	~xAASC1x~ e8:d1:1b:b7:f1:a9 -77	~xWLAN_4673x~ d0:84:b0:fc:46:79 -70	~xRODOLFOx~ 94:e8:c5:3c:2d:10 -86	~xTP-LINK_9D7Cx~ 84:16:f9:ff:9d:7c -89	~xMOVISTAR_05DEx~ 08:6a:0a:61:05:e1 -85	~xWLAN_6DDBx~ e6:ed:c7:7e:33:29 -89	~xDIRECT-Dn[TV]familianavax~ 4a:44:f7:9b:28:31 -72	~xx~ 24:a4:3c:4f:1b:fa -88	
~xARACELLI1x~ 90:48:9a:b0:cd:4b -43	~xWLAN_0310x~ f0:f2:49:30:03:18 -58	~xARRIS-5EB2x~ 98:6b:3d:bf:5e:b0 -80	~xAASC1x~ e8:d1:1b:b7:f1:a9 -77	~xWLAN_4673x~ d0:84:b0:fc:46:79 -70	~xRODOLFOx~ 94:e8:c5:3c:2d:10 -86	~xTP-LINK_9D7Cx~ 84:16:f9:ff:9d:7c -89	~xMOVISTAR_05DEx~ 08:6a:0a:61:05:e1 -85	~xWLAN_6DDBx~ e6:ed:c7:7e:33:29 -89	~xDIRECT-Dn[TV]familianavax~ 4a:44:f7:9b:28:31 -72	~xx~ 24:a4:3c:4f:1b:fa -88	
~xARACELLI1x~ 90:48:9a:b0:cd:4b -43	~xWLAN_0310x~ f0:f2:49:30:03:18 -58	~xARRIS-5EB2x~ 98:6b:3d:bf:5e:b0 -80	~xAASC1x~ e8:d1:1b:b7:f1:a9 -77	~xWLAN_4673x~ d0:84:b0:fc:46:79 -70	~xRODOLFOx~ 94:e8:c5:3c:2d:10 -86	~xTP-LINK_9D7Cx~ 84:16:f9:ff:9d:7c -89	~xMOVISTAR_05DEx~ 08:6a:0a:61:05:e1 -85	~xWLAN_6DDBx~ e6:ed:c7:7e:33:29 -89	~xDIRECT-Dn[TV]familianavax~ 4a:44:f7:9b:28:31 -72	~xx~ 24:a4:3c:4f:1b:fa -88	
~xARACELLI1x~ 90:48:9a:b0:cd:4b -53	~xWLAN_0310x~ f0:f2:49:30:03:18 -53	~xARRIS-5EB2x~ 98:6b:3d:bf:5e:b0 -74	~xAASC1x~ e8:d1:1b:b7:f1:a9 -77	~xWLAN_4673x~ d0:84:b0:fc:46:79 -76	~xRODOLFOx~ 94:e8:c5:3c:2d:10 -86	~xTP-LINK_9D7Cx~ 84:16:f9:ff:9d:7c -89	~xMOVISTAR_05DEx~ 08:6a:0a:61:05:e1 -91	~xWLAN_6DDBx~ e6:ed:c7:7e:33:29 -84	~xDIRECT-Dn[TV]familianavax~ 4a:44:f7:9b:28:31 -72	~xx~ 24:a4:3c:4f:1b:fa -88	
~xARACELLI1x~ 90:48:9a:b0:cd:4b -53	~xWLAN_0310x~ f0:f2:49:30:03:18 -53	~xARRIS-5EB2x~ 98:6b:3d:bf:5e:b0 -74	~xAASC1x~ e8:d1:1b:b7:f1:a9 -77	~xWLAN_4673x~ d0:84:b0:fc:46:79 -76	~xRODOLFOx~ 94:e8:c5:3c:2d:10 -86	~xTP-LINK_9D7Cx~ 84:16:f9:ff:9d:7c -89	~xMOVISTAR_05DEx~ 08:6a:0a:61:05:e1 -91	~xWLAN_6DDBx~ e6:ed:c7:7e:33:29 -84	~xDIRECT-Dn[TV]familianavax~ 4a:44:f7:9b:28:31 -72	~xx~ 24:a4:3c:4f:1b:fa -88	
~xARACELLI1x~ 90:48:9a:b0:cd:4b -53	~xWLAN_0310x~ f0:f2:49:30:03:18 -53	~xARRIS-5EB2x~ 98:6b:3d:bf:5e:b0 -74	~xAASC1x~ e8:d1:1b:b7:f1:a9 -77	~xWLAN_4673x~ d0:84:b0:fc:46:79 -76	~xRODOLFOx~ 94:e8:c5:3c:2d:10 -86	~xTP-LINK_9D7Cx~ 84:16:f9:ff:9d:7c -89	~xMOVISTAR_05DEx~ 08:6a:0a:61:05:e1 -91	~xWLAN_6DDBx~ e6:ed:c7:7e:33:29 -84	~xDIRECT-Dn[TV]familianavax~ 4a:44:f7:9b:28:31 -72	~xx~ 24:a4:3c:4f:1b:fa -88	
~xARACELLI1x~ 90:48:9a:b0:cd:4b -48	~xWLAN_0310x~ f0:f2:49:30:03:18 -57	~xARRIS-5EB2x~ 98:6b:3d:bf:5e:b0 -80	~xAASC1x~ e8:d1:1b:b7:f1:a9 -78	~xWLAN_4673x~ d0:84:b0:fc:46:79 -76	~xRODOLFOx~ 94:e8:c5:3c:2d:10 -86	~xTP-LINK_9D7Cx~ 84:16:f9:ff:9d:7c -89	~xMOVISTAR_05DEx~ 08:6a:0a:61:05:e1 -84	~xWLAN_6DDBx~ e6:ed:c7:7e:33:29 -87	~xDIRECT-Dn[TV]familianavax~ 4a:44:f7:9b:28:31 -85	~xx~ 24:a4:3c:4f:1b:fa -88	~xLucasx~ d4:7b:b0:85:1d:c4 -84	
~xARACELLI1x~ 90:48:9a:b0:cd:4b -48	~xWLAN_0310x~ f0:f2:49:30:03:18 -57	~xARRIS-5EB2x~ 98:6b:3d:bf:5e:b0 -80	~xAASC1x~ e8:d1:1b:b7:f1:a9 -78	~xWLAN_4673x~ d0:84:b0:fc:46:79 -76	~xRODOLFOx~ 94:e8:c5:3c:2d:10 -86	~xTP-LINK_9D7Cx~ 84:16:f9:ff:9d:7c -89	~xMOVISTAR_05DEx~ 08:6a:0a:61:05:e1 -84	~xWLAN_6DDBx~ e6:ed:c7:7e:33:29 -87	~xDIRECT-Dn[TV]familianavax~ 4a:44:f7:9b:28:31 -85	~xx~ 24:a4:3c:4f:1b:fa -88	~xLucasx~ d4:7b:b0:85:1d:c4 -84	
~xARACELLI1x~ 90:48:9a:b0:cd:4b -48	~xWLAN_0310x~ f0:f2:49:30:03:18 -57	~xARRIS-5EB2x~ 98:6b:3d:bf:5e:b0 -80	~xAASC1x~ e8:d1:1b:b7:f1:a9 -78	~xWLAN_4673x~ d0:84:b0:fc:46:79 -76	~xRODOLFOx~ 94:e8:c5:3c:2d:10 -86	~xTP-LINK_9D7Cx~ 84:16:f9:ff:9d:7c -89	~xMOVISTAR_05DEx~ 08:6a:0a:61:05:e1 -84	~xWLAN_6DDBx~ e6:ed:c7:7e:33:29 -87	~xDIRECT-Dn[TV]familianavax~ 4a:44:f7:9b:28:31 -85	~xx~ 24:a4:3c:4f:1b:fa -88	~xLucasx~ d4:7b:b0:85:1d:c4 -84	
~xARACELLI1x~ 90:48:9a:b0:cd:4b -52	~xWLAN_0310x~ f0:f2:49:30:03:18 -54	~xARRIS-5EB2x~ 98:6b:3d:bf:5e:b0 -78	~xAASC1x~ e8:d1:1b:b7:f1:a9 -78	~xWLAN_4673x~ d0:84:b0:fc:46:79 -82	~xTP-LINK_9D7Cx~ 84:16:f9:ff:9d:7c -89	~xMOVISTAR_05DEx~ 08:6a:0a:61:05:e1 -85	~xWLAN_6DDBx~ e6:ed:c7:7e:33:29 -89	~xDIRECT-Dn[TV]familianavax~ 4a:44:f7:9b:28:31 -85	~xx~ 24:a4:3c:4f:1b:fa -88	~xLucasx~ d4:7b:b0:85:1d:c4 -86	
~xARACELLI1x~ 90:48:9a:b0:cd:4b -52	~xWLAN_0310x~ f0:f2:49:30:03:18 -54	~xARRIS-5EB2x~ 98:6b:3d:bf:5e:b0 -78	~xAASC1x~ e8:d1:1b:b7:f1:a9 -78	~xWLAN_4673x~ d0:84:b0:fc:46:79 -82	~xTP-LINK_9D7Cx~ 84:16:f9:ff:9d:7c -89	~xMOVISTAR_05DEx~ 08:6a:0a:61:05:e1 -85	~xWLAN_6DDBx~ e6:ed:c7:7e:33:29 -89	~xDIRECT-Dn[TV]familianavax~ 4a:44:f7:9b:28:31 -85	~xx~ 24:a4:3c:4f:1b:fa -88	~xLucasx~ d4:7b:b0:85:1d:c4 -86	
~xARACELLI1x~ 90:48:9a:b0:cd:4b -52	~xWLAN_0310x~ f0:f2:49:30:03:18 -54	~xARRIS-5EB2x~ 98:6b:3d:bf:5e:b0 -78	~xAASC1x~ e8:d1:1b:b7:f1:a9 -78	~xWLAN_4673x~ d0:84:b0:fc:46:79 -82	~xTP-LINK_9D7Cx~ 84:16:f9:ff:9d:7c -89	~xMOVISTAR_05DEx~ 08:6a:0a:61:05:e1 -85	~xWLAN_6DDBx~ e6:ed:c7:7e:33:29 -89	~xDIRECT-Dn[TV]familianavax~ 4a:44:f7:9b:28:31 -85	~xx~ 24:a4:3c:4f:1b:fa -88	~xLucasx~ d4:7b:b0:85:1d:c4 -86	
~xARACELLI1x~ 90:48:9a:b0:cd:4b -45	~xWLAN_0310x~ f0:f2:49:30:03:18 -57	~xARRIS-5EB2x~ 98:6b:3d:bf:5e:b0 -74	~xAASC1x~ e8:d1:1b:b7:f1:a9 -83	~xWLAN_4673x~ d0:84:b0:fc:46:79 -80	~xTP-LINK_9D7Cx~ 84:16:f9:ff:9d:7c -89	~xMOVISTAR_05DEx~ 08:6a:0a:61:05:e1 -93	~xWLAN_6DDBx~ e6:ed:c7:7e:33:29 -89	~xDIRECT-Dn[TV]familianavax~ 4a:44:f7:9b:28:31 -77	~xLucasx~ d4:7b:b0:85:1d:c4 -82	~xTP-LINK_5B8282x~ e8:94:f6:5b:82:82 -89	
~xARACELLI1x~ 90:48:9a:b0:cd:4b -45	~xWLAN_0310x~ f0:f2:49:30:03:18 -57	~xARRIS-5EB2x~ 98:6b:3d:bf:5e:b0 -74	~xAASC1x~ e8:d1:1b:b7:f1:a9 -83	~xWLAN_4673x~ d0:84:b0:fc:46:79 -80	~xTP-LINK_9D7Cx~ 84:16:f9:ff:9d:7c -89	~xMOVISTAR_05DEx~ 08:6a:0a:61:05:e1 -93	~xWLAN_6DDBx~ e6:ed:c7:7e:33:29 -89	~xDIRECT-Dn[TV]familianavax~ 4a:44:f7:9b:28:31 -77	~xLucasx~ d4:7b:b0:85:1d:c4 -82	~xTP-LINK_5B8282x~ e8:94:f6:5b:82:82 -89	
~xARACELLI1x~ 90:48:9a:b0:cd:4b -49	~xWLAN_0310x~ f0:f2:49:30:03:18 -52	~xARRIS-5EB2x~ 98:6b:3d:bf:5e:b0 -73	~xAASC1x~ e8:d1:1b:b7:f1:a9 -88	~xWLAN_4673x~ d0:84:b0:fc:46:79 -80	~xTP-LINK_9D7Cx~ 84:16:f9:ff:9d:7c -89	~xMOVISTAR_05DEx~ 08:6a:0a:61:05:e1 -90	~xWLAN_6DDBx~ e6:ed:c7:7e:33:29 -88	~xDIRECT-Dn[TV]familianavax~ 4a:44:f7:9b:28:31 -77	~xLucasx~ d4:7b:b0:85:1d:c4 -82	~xTP-LINK_5B8282x~ e8:94:f6:5b:82:82 -89	
~xARACELLI1x~ 90:48:9a:b0:cd:4b -49	~xWLAN_0310x~ f0:f2:49:30:03:18 -52	~xARRIS-5EB2x~ 98:6b:3d:bf:5e:b0 -73	~xAASC1x~ e8:d1:1b:b7:f1:a9 -88	~xWLAN_4673x~ d0:84:b0:fc:46:79 -80	~xTP-LINK_9D7Cx~ 84:16:f9:ff:9d:7c -89	~xMOVISTAR_05DEx~ 08:6a:0a:61:05:e1 -90	~xWLAN_6DDBx~ e6:ed:c7:7e:33:29 -88	~xDIRECT-Dn[TV]familianavax~ 4a:44:f7:9b:28:31 -77	~xLucasx~ d4:7b:b0:85:1d:c4 -82	~xTP-LINK_5B8282x~ e8:94:f6:5b:82:82 -89	
~xARACELLI1x~ 90:48:9a:b0:cd:4b -49	~xWLAN_0310x~ f0:f2:49:30:03:18 -52	~xARRIS-5EB2x~ 98:6b:3d:bf:5e:b0 -73	~xAASC1x~ e8:d1:1b:b7:f1:a9 -88	~xWLAN_4673x~ d0:84:b0:fc:46:79 -80	~xTP-LINK_9D7Cx~ 84:16:f9:ff:9d:7c -89	~xMOVISTAR_05DEx~ 08:6a:0a:61:05:e1 -90	~xWLAN_6DDBx~ e6:ed:c7:7e:33:29 -88	~xDIRECT-Dn[TV]familianavax~ 4a:44:f7:9b:28:31 -77	~xLucasx~ d4:7b:b0:85:1d:c4 -82	~xTP-LINK_5B8282x~ e8:94:f6:5b:82:82 -89	
~xARACELLI1x~ 90:48:9a:b0:cd:4b -55	~xWLAN_0310x~ f0:f2:49:30:03:18 -60	~xARRIS-5EB2x~ 98:6b:3d:bf:5e:b0 -77	~xAASC1x~ e8:d1:1b:b7:f1:a9 -74	~xWLAN_4673x~ d0:84:b0:fc:46:79 -82	~xTP-LINK_9D7Cx~ 84:16:f9:ff:9d:7c -89	~xMOVISTAR_05DEx~ 08:6a:0a:61:05:e1 -87	~xWLAN_6DDBx~ e6:ed:c7:7e:33:29 -83	~xDIRECT-Dn[TV]familianavax~ 4a:44:f7:9b:28:31 -82	~xLucasx~ d4:7b:b0:85:1d:c4 -82	~xTP-LINK_5B8282x~ e8:94:f6:5b:82:82 -89	
~xARACELLI1x~ 90:48:9a:b0:cd:4b -55	~xWLAN_0310x~ f0:f2:49:30:03:18 -60	~xARRIS-5EB2x~ 98:6b:3d:bf:5e:b0 -77	~xAASC1x~ e8:d1:1b:b7:f1:a9 -74	~xWLAN_4673x~ d0:84:b0:fc:46:79 -82	~xTP-LINK_9D7Cx~ 84:16:f9:ff:9d:7c -89	~xMOVISTAR_05DEx~ 08:6a:0a:61:05:e1 -87	~xWLAN_6DDBx~ e6:ed:c7:7e:33:29 -83	~xDIRECT-Dn[TV]familianavax~ 4a:44:f7:9b:28:31 -82	~xLucasx~ d4:7b:b0:85:1d:c4 -82	~xTP-LINK_5B8282x~ e8:94:f6:5b:82:82 -89	
~xARACELLI1x~ 90:48:9a:b0:cd:4b -48	~xWLAN_0310x~ f0:f2:49:30:03:18 -55	~xARRIS-5EB2x~ 98:6b:3d:bf:5e:b0 -79	~xAASC1x~ e8:d1:1b:b7:f1:a9 -86	~xWLAN_4673x~ d0:84:b0:fc:46:79 -82	~xMOVISTAR_05DEx~ 08:6a:0a:61:05:e1 -87	~xWLAN_6DDBx~ e6:ed:c7:7e:33:29 -81	~xDIRECT-Dn[TV]familianavax~ 4a:44:f7:9b:28:31 -82	~xLucasx~ d4:7b:b0:85:1d:c4 -87	~xTP-LINK_5B8282x~ e8:94:f6:5b:82:82 -89	~xMOVISTAR_EB90x~ fc:5a:1d:25:eb:98 -90	~xx~ 24:a4:3c:4f:1b:fa -84	~xx~ 24:a4:3c:4f:1c:00 -90	
~xARACELLI1x~ 90:48:9a:b0:cd:4b -48	~xWLAN_0310x~ f0:f2:49:30:03:18 -55	~xARRIS-5EB2x~ 98:6b:3d:bf:5e:b0 -79	~xAASC1x~ e8:d1:1b:b7:f1:a9 -86	~xWLAN_4673x~ d0:84:b0:fc:46:79 -82	~xMOVISTAR_05DEx~ 08:6a:0a:61:05:e1 -87	~xWLAN_6DDBx~ e6:ed:c7:7e:33:29 -81	~xDIRECT-Dn[TV]familianavax~ 4a:44:f7:9b:28:31 -82	~xLucasx~ d4:7b:b0:85:1d:c4 -87	~xTP-LINK_5B8282x~ e8:94:f6:5b:82:82 -89	~xMOVISTAR_EB90x~ fc:5a:1d:25:eb:98 -90	~xx~ 24:a4:3c:4f:1b:fa -84	~xx~ 24:a4:3c:4f:1c:00 -90	
~xARACELLI1x~ 90:48:9a:b0:cd:4b -45	~xWLAN_0310x~ f0:f2:49:30:03:18 -48	~xARRIS-5EB2x~ 98:6b:3d:bf:5e:b0 -73	~xAASC1x~ e8:d1:1b:b7:f1:a9 -83	~xWLAN_4673x~ d0:84:b0:fc:46:79 -88	~xMOVISTAR_05DEx~ 08:6a:0a:61:05:e1 -87	~xWLAN_6DDBx~ e6:ed:c7:7e:33:29 -88	~xDIRECT-Dn[TV]familianavax~ 4a:44:f7:9b:28:31 -81	~xLucasx~ d4:7b:b0:85:1d:c4 -82	~xTP-LINK_5B8282x~ e8:94:f6:5b:82:82 -89	~xMOVISTAR_EB90x~ fc:5a:1d:25:eb:98 -90	~xx~ 24:a4:3c:4f:1b:fa -84	~xx~ 24:a4:3c:4f:1c:00 -90	
~xARACELLI1x~ 90:48:9a:b0:cd:4b -44	~xWLAN_0310x~ f0:f2:49:30:03:18 -59	~xARRIS-5EB2x~ 98:6b:3d:bf:5e:b0 -81	~xAASC1x~ e8:d1:1b:b7:f1:a9 -83	~xWLAN_4673x~ d0:84:b0:fc:46:79 -81	~xMOVISTAR_05DEx~ 08:6a:0a:61:05:e1 -87	~xWLAN_6DDBx~ e6:ed:c7:7e:33:29 -90	~xDIRECT-Dn[TV]familianavax~ 4a:44:f7:9b:28:31 -83	~xLucasx~ d4:7b:b0:85:1d:c4 -82	~xMOVISTAR_EB90x~ fc:5a:1d:25:eb:98 -90	~xx~ 24:a4:3c:4f:1b:fa -84	~xx~ 24:a4:3c:4f:1c:00 -90	
~xARACELLI1x~ 90:48:9a:b0:cd:4b -44	~xWLAN_0310x~ f0:f2:49:30:03:18 -59	~xARRIS-5EB2x~ 98:6b:3d:bf:5e:b0 -81	~xAASC1x~ e8:d1:1b:b7:f1:a9 -83	~xWLAN_4673x~ d0:84:b0:fc:46:79 -81	~xMOVISTAR_05DEx~ 08:6a:0a:61:05:e1 -87	~xWLAN_6DDBx~ e6:ed:c7:7e:33:29 -90	~xDIRECT-Dn[TV]familianavax~ 4a:44:f7:9b:28:31 -83	~xLucasx~ d4:7b:b0:85:1d:c4 -82	~xMOVISTAR_EB90x~ fc:5a:1d:25:eb:98 -90	~xx~ 24:a4:3c:4f:1b:fa -84	~xx~ 24:a4:3c:4f:1c:00 -90	
~xARACELLI1x~ 90:48:9a:b0:cd:4b -40	~xWLAN_0310x~ f0:f2:49:30:03:18 -53	~xARRIS-5EB2x~ 98:6b:3d:bf:5e:b0 -71	~xAASC1x~ e8:d1:1b:b7:f1:a9 -80	~xWLAN_4673x~ d0:84:b0:fc:46:79 -73	~xMOVISTAR_05DEx~ 08:6a:0a:61:05:e1 -87	~xWLAN_6DDBx~ e6:ed:c7:7e:33:29 -89	~xDIRECT-Dn[TV]familianavax~ 4a:44:f7:9b:28:31 -83	~xLucasx~ d4:7b:b0:85:1d:c4 -82	~xMOVISTAR_EB90x~ fc:5a:1d:25:eb:98 -89	~xx~ 24:a4:3c:4f:1b:fa -84	~xx~ 24:a4:3c:4f:1c:00 -90	~xRODOLFOx~ 94:e8:c5:3c:2d:10 -90	
~xARACELLI1x~ 90:48:9a:b0:cd:4b -47	~xWLAN_0310x~ f0:f2:49:30:03:18 -52	~xARRIS-5EB2x~ 98:6b:3d:bf:5e:b0 -70	~xAASC1x~ e8:d1:1b:b7:f1:a9 -80	~xWLAN_4673x~ d0:84:b0:fc:46:79 -73	~xWLAN_6DDBx~ e6:ed:c7:7e:33:29 -89	~xDIRECT-Dn[TV]familianavax~ 4a:44:f7:9b:28:31 -74	~xLucasx~ d4:7b:b0:85:1d:c4 -84	~xMOVISTAR_EB90x~ fc:5a:1d:25:eb:98 -89	~xx~ 24:a4:3c:4f:1b:fa -84	~xx~ 24:a4:3c:4f:1c:00 -90	~xRODOLFOx~ 94:e8:c5:3c:2d:10 -90	
~xARACELLI1x~ 90:48:9a:b0:cd:4b -47	~xWLAN_0310x~ f0:f2:49:30:03:18 -52	~xARRIS-5EB2x~ 98:6b:3d:bf:5e:b0 -70	~xAASC1x~ e8:d1:1b:b7:f1:a9 -80	~xWLAN_4673x~ d0:84:b0:fc:46:79 -73	~xWLAN_6DDBx~ e6:ed:c7:7e:33:29 -89	~xDIRECT-Dn[TV]familianavax~ 4a:44:f7:9b:28:31 -74	~xLucasx~ d4:7b:b0:85:1d:c4 -84	~xMOVISTAR_EB90x~ fc:5a:1d:25:eb:98 -89	~xx~ 24:a4:3c:4f:1b:fa -84	~xx~ 24:a4:3c:4f:1c:00 -90	~xRODOLFOx~ 94:e8:c5:3c:2d:10 -90	
~xARACELLI1x~ 90:48:9a:b0:cd:4b -39	~xWLAN_0310x~ f0:f2:49:30:03:18 -54	~xARRIS-5EB2x~ 98:6b:3d:bf:5e:b0 -75	~xAASC1x~ e8:d1:1b:b7:f1:a9 -79	~xWLAN_4673x~ d0:84:b0:fc:46:79 -78	~xWLAN_6DDBx~ e6:ed:c7:7e:33:29 -86	~xDIRECT-Dn[TV]familianavax~ 4a:44:f7:9b:28:31 -74	~xLucasx~ d4:7b:b0:85:1d:c4 -84	~xMOVISTAR_EB90x~ fc:5a:1d:25:eb:98 -89	~xRODOLFOx~ 94:e8:c5:3c:2d:10 -90	
~xARACELLI1x~ 90:48:9a:b0:cd:4b -39	~xWLAN_0310x~ f0:f2:49:30:03:18 -54	~xARRIS-5EB2x~ 98:6b:3d:bf:5e:b0 -75	~xAASC1x~ e8:d1:1b:b7:f1:a9 -79	~xWLAN_4673x~ d0:84:b0:fc:46:79 -78	~xWLAN_6DDBx~ e6:ed:c7:7e:33:29 -86	~xDIRECT-Dn[TV]familianavax~ 4a:44:f7:9b:28:31 -74	~xLucasx~ d4:7b:b0:85:1d:c4 -84	~xMOVISTAR_EB90x~ fc:5a:1d:25:eb:98 -89	~xRODOLFOx~ 94:e8:c5:3c:2d:10 -90	
~xARACELLI1x~ 90:48:9a:b0:cd:4b -48	~xWLAN_0310x~ f0:f2:49:30:03:18 -51	~xARRIS-5EB2x~ 98:6b:3d:bf:5e:b0 -79	~xAASC1x~ e8:d1:1b:b7:f1:a9 -79	~xWLAN_4673x~ d0:84:b0:fc:46:79 -80	~xWLAN_6DDBx~ e6:ed:c7:7e:33:29 -88	~xDIRECT-Dn[TV]familianavax~ 4a:44:f7:9b:28:31 -74	~xLucasx~ d4:7b:b0:85:1d:c4 -82	~xMOVISTAR_EB90x~ fc:5a:1d:25:eb:98 -89	~xRODOLFOx~ 94:e8:c5:3c:2d:10 -90	~x martelx~ 60:19:71:a9:c5:80 -92	~xx~ 24:a4:3c:4f:1b:fa -86	
~xARACELLI1x~ 90:48:9a:b0:cd:4b -48	~xWLAN_0310x~ f0:f2:49:30:03:18 -51	~xARRIS-5EB2x~ 98:6b:3d:bf:5e:b0 -79	~xAASC1x~ e8:d1:1b:b7:f1:a9 -79	~xWLAN_4673x~ d0:84:b0:fc:46:79 -80	~xWLAN_6DDBx~ e6:ed:c7:7e:33:29 -88	~xDIRECT-Dn[TV]familianavax~ 4a:44:f7:9b:28:31 -74	~xLucasx~ d4:7b:b0:85:1d:c4 -82	~xMOVISTAR_EB90x~ fc:5a:1d:25:eb:98 -89	~xRODOLFOx~ 94:e8:c5:3c:2d:10 -90	~x martelx~ 60:19:71:a9:c5:80 -92	~xx~ 24:a4:3c:4f:1b:fa -86	
~xARACELLI1x~ 90:48:9a:b0:cd:4b -48	~xWLAN_0310x~ f0:f2:49:30:03:18 -51	~xARRIS-5EB2x~ 98:6b:3d:bf:5e:b0 -79	~xAASC1x~ e8:d1:1b:b7:f1:a9 -79	~xWLAN_4673x~ d0:84:b0:fc:46:79 -80	~xWLAN_6DDBx~ e6:ed:c7:7e:33:29 -88	~xDIRECT-Dn[TV]familianavax~ 4a:44:f7:9b:28:31 -74	~xLucasx~ d4:7b:b0:85:1d:c4 -82	~xMOVISTAR_EB90x~ fc:5a:1d:25:eb:98 -89	~xRODOLFOx~ 94:e8:c5:3c:2d:10 -90	~x martelx~ 60:19:71:a9:c5:80 -92	~xx~ 24:a4:3c:4f:1b:fa -86	
~xARACELLI1x~ 90:48:9a:b0:cd:4b -43	~xWLAN_0310x~ f0:f2:49:30:03:18 -61	~xARRIS-5EB2x~ 98:6b:3d:bf:5e:b0 -70	~xAASC1x~ e8:d1:1b:b7:f1:a9 -90	~xWLAN_4673x~ d0:84:b0:fc:46:79 -79	~xWLAN_6DDBx~ e6:ed:c7:7e:33:29 -88	~xDIRECT-Dn[TV]familianavax~ 4a:44:f7:9b:28:31 -74	~xLucasx~ d4:7b:b0:85:1d:c4 -81	~x martelx~ 60:19:71:a9:c5:80 -92	~xx~ 24:a4:3c:4f:1b:fa -95	~xAngelitax~ 08:6a:0a:fd:19:6e -89	~xTP-LINK_9D7Cx~ 84:16:f9:ff:9d:7c -90	
~xARACELLI1x~ 90:48:9a:b0:cd:4b -43	~xWLAN_0310x~ f0:f2:49:30:03:18 -61	~xARRIS-5EB2x~ 98:6b:3d:bf:5e:b0 -70	~xAASC1x~ e8:d1:1b:b7:f1:a9 -90	~xWLAN_4673x~ d0:84:b0:fc:46:79 -79	~xWLAN_6DDBx~ e6:ed:c7:7e:33:29 -88	~xDIRECT-Dn[TV]familianavax~ 4a:44:f7:9b:28:31 -74	~xLucasx~ d4:7b:b0:85:1d:c4 -81	~x martelx~ 60:19:71:a9:c5:80 -92	~xx~ 24:a4:3c:4f:1b:fa -95	~xAngelitax~ 08:6a:0a:fd:19:6e -89	~xTP-LINK_9D7Cx~ 84:16:f9:ff:9d:7c -90	
~xARACELLI1x~ 90:48:9a:b0:cd:4b -37	~xWLAN_0310x~ f0:f2:49:30:03:18 -57	~xARRIS-5EB2x~ 98:6b:3d:bf:5e:b0 -73	~xAASC1x~ e8:d1:1b:b7:f1:a9 -90	~xWLAN_4673x~ d0:84:b0:fc:46:79 -83	~xWLAN_6DDBx~ e6:ed:c7:7e:33:29 -88	~xLucasx~ d4:7b:b0:85:1d:c4 -81	~x martelx~ 60:19:71:a9:c5:80 -90	~xx~ 24:a4:3c:4f:1b:fa -91	~xAngelitax~ 08:6a:0a:fd:19:6e -89	~xTP-LINK_9D7Cx~ 84:16:f9:ff:9d:7c -90	
~xARACELLI1x~ 90:48:9a:b0:cd:4b -37	~xWLAN_0310x~ f0:f2:49:30:03:18 -57	~xARRIS-5EB2x~ 98:6b:3d:bf:5e:b0 -73	~xAASC1x~ e8:d1:1b:b7:f1:a9 -90	~xWLAN_4673x~ d0:84:b0:fc:46:79 -83	~xWLAN_6DDBx~ e6:ed:c7:7e:33:29 -88	~xLucasx~ d4:7b:b0:85:1d:c4 -81	~x martelx~ 60:19:71:a9:c5:80 -90	~xx~ 24:a4:3c:4f:1b:fa -91	~xAngelitax~ 08:6a:0a:fd:19:6e -89	~xTP-LINK_9D7Cx~ 84:16:f9:ff:9d:7c -90	
~xARACELLI1x~ 90:48:9a:b0:cd:4b -41	~xWLAN_0310x~ f0:f2:49:30:03:18 -55	~xARRIS-5EB2x~ 98:6b:3d:bf:5e:b0 -73	~xAASC1x~ e8:d1:1b:b7:f1:a9 -90	~xWLAN_4673x~ d0:84:b0:fc:46:79 -76	~xWLAN_6DDBx~ e6:ed:c7:7e:33:29 -90	~xLucasx~ d4:7b:b0:85:1d:c4 -81	~x martelx~ 60:19:71:a9:c5:80 -90	~xx~ 24:a4:3c:4f:1b:fa -91	~xAngelitax~ 08:6a:0a:fd:19:6e -89	~xTP-LINK_9D7Cx~ 84:16:f9:ff:9d:7c -90	~xDIRECT-Dn[TV]familianavax~ 4a:44:f7:9b:28:31 -77	
~xARACELLI1x~ 90:48:9a:b0:cd:4b -51	~xWLAN_0310x~ f0:f2:49:30:03:18 -53	~xARRIS-5EB2x~ 98:6b:3d:bf:5e:b0 -83	~xAASC1x~ e8:d1:1b:b7:f1:a9 -90	~xWLAN_4673x~ d0:84:b0:fc:46:79 -80	~xWLAN_6DDBx~ e6:ed:c7:7e:33:29 -88	~xLucasx~ d4:7b:b0:85:1d:c4 -81	~x martelx~ 60:19:71:a9:c5:80 -90	~xx~ 24:a4:3c:4f:1b:fa -91	~xAngelitax~ 08:6a:0a:fd:19:6e -89	~xTP-LINK_9D7Cx~ 84:16:f9:ff:9d:7c -90	~xDIRECT-Dn[TV]familianavax~ 4a:44:f7:9b:28:31 -77	~xRODOLFOx~ 94:e8:c5:3c:2d:10 -88	~xMOVISTAR_05DEx~ 08:6a:0a:61:05:e1 -90	
~xARACELLI1x~ 90:48:9a:b0:cd:4b -51	~xWLAN_0310x~ f0:f2:49:30:03:18 -53	~xARRIS-5EB2x~ 98:6b:3d:bf:5e:b0 -83	~xAASC1x~ e8:d1:1b:b7:f1:a9 -90	~xWLAN_4673x~ d0:84:b0:fc:46:79 -80	~xWLAN_6DDBx~ e6:ed:c7:7e:33:29 -88	~xLucasx~ d4:7b:b0:85:1d:c4 -81	~x martelx~ 60:19:71:a9:c5:80 -90	~xx~ 24:a4:3c:4f:1b:fa -91	~xAngelitax~ 08:6a:0a:fd:19:6e -89	~xTP-LINK_9D7Cx~ 84:16:f9:ff:9d:7c -90	~xDIRECT-Dn[TV]familianavax~ 4a:44:f7:9b:28:31 -77	~xRODOLFOx~ 94:e8:c5:3c:2d:10 -88	~xMOVISTAR_05DEx~ 08:6a:0a:61:05:e1 -90	
~xARACELLI1x~ 90:48:9a:b0:cd:4b -51	~xWLAN_0310x~ f0:f2:49:30:03:18 -53	~xARRIS-5EB2x~ 98:6b:3d:bf:5e:b0 -83	~xAASC1x~ e8:d1:1b:b7:f1:a9 -90	~xWLAN_4673x~ d0:84:b0:fc:46:79 -80	~xWLAN_6DDBx~ e6:ed:c7:7e:33:29 -88	~xLucasx~ d4:7b:b0:85:1d:c4 -81	~x martelx~ 60:19:71:a9:c5:80 -90	~xx~ 24:a4:3c:4f:1b:fa -91	~xAngelitax~ 08:6a:0a:fd:19:6e -89	~xTP-LINK_9D7Cx~ 84:16:f9:ff:9d:7c -90	~xDIRECT-Dn[TV]familianavax~ 4a:44:f7:9b:28:31 -77	~xRODOLFOx~ 94:e8:c5:3c:2d:10 -88	~xMOVISTAR_05DEx~ 08:6a:0a:61:05:e1 -90	
~xARACELLI1x~ 90:48:9a:b0:cd:4b -56	~xWLAN_0310x~ f0:f2:49:30:03:18 -52	~xARRIS-5EB2x~ 98:6b:3d:bf:5e:b0 -80	~xWLAN_4673x~ d0:84:b0:fc:46:79 -81	~xWLAN_6DDBx~ e6:ed:c7:7e:33:29 -80	~xLucasx~ d4:7b:b0:85:1d:c4 -87	~x martelx~ 60:19:71:a9:c5:80 -90	~xx~ 24:a4:3c:4f:1b:fa -91	~xDIRECT-Dn[TV]familianavax~ 4a:44:f7:9b:28:31 -77	~xRODOLFOx~ 94:e8:c5:3c:2d:10 -88	~xMOVISTAR_05DEx~ 08:6a:0a:61:05:e1 -87	
~xARACELLI1x~ 90:48:9a:b0:cd:4b -41	~xWLAN_0310x~ f0:f2:49:30:03:18 -64	~xARRIS-5EB2x~ 98:6b:3d:bf:5e:b0 -77	~xWLAN_4673x~ d0:84:b0:fc:46:79 -73	~xWLAN_6DDBx~ e6:ed:c7:7e:33:29 -90	~xLucasx~ d4:7b:b0:85:1d:c4 -87	~xx~ 24:a4:3c:4f:1b:fa -89	~xDIRECT-Dn[TV]familianavax~ 4a:44:f7:9b:28:31 -77	~xRODOLFOx~ 94:e8:c5:3c:2d:10 -88	~xMOVISTAR_05DEx~ 08:6a:0a:61:05:e1 -89	~xREBECAx~ d4:7b:b0:83:ec:fc -91	
~xARACELLI1x~ 90:48:9a:b0:cd:4b -41	~xWLAN_0310x~ f0:f2:49:30:03:18 -64	~xARRIS-5EB2x~ 98:6b:3d:bf:5e:b0 -77	~xWLAN_4673x~ d0:84:b0:fc:46:79 -73	~xWLAN_6DDBx~ e6:ed:c7:7e:33:29 -90	~xLucasx~ d4:7b:b0:85:1d:c4 -87	~xx~ 24:a4:3c:4f:1b:fa -89	~xDIRECT-Dn[TV]familianavax~ 4a:44:f7:9b:28:31 -77	~xRODOLFOx~ 94:e8:c5:3c:2d:10 -88	~xMOVISTAR_05DEx~ 08:6a:0a:61:05:e1 -89	~xREBECAx~ d4:7b:b0:83:ec:fc -91	
~xARACELLI1x~ 90:48:9a:b0:cd:4b -41	~xWLAN_0310x~ f0:f2:49:30:03:18 -64	~xARRIS-5EB2x~ 98:6b:3d:bf:5e:b0 -77	~xWLAN_4673x~ d0:84:b0:fc:46:79 -73	~xWLAN_6DDBx~ e6:ed:c7:7e:33:29 -90	~xLucasx~ d4:7b:b0:85:1d:c4 -87	~xx~ 24:a4:3c:4f:1b:fa -89	~xDIRECT-Dn[TV]familianavax~ 4a:44:f7:9b:28:31 -77	~xRODOLFOx~ 94:e8:c5:3c:2d:10 -88	~xMOVISTAR_05DEx~ 08:6a:0a:61:05:e1 -89	~xREBECAx~ d4:7b:b0:83:ec:fc -91	
~xARACELLI1x~ 90:48:9a:b0:cd:4b -54	~xWLAN_0310x~ f0:f2:49:30:03:18 -49	~xARRIS-5EB2x~ 98:6b:3d:bf:5e:b0 -80	~xWLAN_4673x~ d0:84:b0:fc:46:79 -81	~xWLAN_6DDBx~ e6:ed:c7:7e:33:29 -86	~xLucasx~ d4:7b:b0:85:1d:c4 -87	~xx~ 24:a4:3c:4f:1b:fa -89	~xRODOLFOx~ 94:e8:c5:3c:2d:10 -88	~xMOVISTAR_05DEx~ 08:6a:0a:61:05:e1 -81	~xREBECAx~ d4:7b:b0:83:ec:fc -91	~xAASC1x~ e8:d1:1b:b7:f1:a9 -75	
~xARACELLI1x~ 90:48:9a:b0:cd:4b -54	~xWLAN_0310x~ f0:f2:49:30:03:18 -49	~xARRIS-5EB2x~ 98:6b:3d:bf:5e:b0 -80	~xWLAN_4673x~ d0:84:b0:fc:46:79 -81	~xWLAN_6DDBx~ e6:ed:c7:7e:33:29 -86	~xLucasx~ d4:7b:b0:85:1d:c4 -87	~xx~ 24:a4:3c:4f:1b:fa -89	~xRODOLFOx~ 94:e8:c5:3c:2d:10 -88	~xMOVISTAR_05DEx~ 08:6a:0a:61:05:e1 -81	~xREBECAx~ d4:7b:b0:83:ec:fc -91	~xAASC1x~ e8:d1:1b:b7:f1:a9 -75	
~xARACELLI1x~ 90:48:9a:b0:cd:4b -54	~xWLAN_0310x~ f0:f2:49:30:03:18 -49	~xARRIS-5EB2x~ 98:6b:3d:bf:5e:b0 -80	~xWLAN_4673x~ d0:84:b0:fc:46:79 -81	~xWLAN_6DDBx~ e6:ed:c7:7e:33:29 -86	~xLucasx~ d4:7b:b0:85:1d:c4 -87	~xx~ 24:a4:3c:4f:1b:fa -89	~xRODOLFOx~ 94:e8:c5:3c:2d:10 -88	~xMOVISTAR_05DEx~ 08:6a:0a:61:05:e1 -81	~xREBECAx~ d4:7b:b0:83:ec:fc -91	~xAASC1x~ e8:d1:1b:b7:f1:a9 -75	
~xARACELLI1x~ 90:48:9a:b0:cd:4b -51	~xWLAN_0310x~ f0:f2:49:30:03:18 -51	~xARRIS-5EB2x~ 98:6b:3d:bf:5e:b0 -79	~xWLAN_4673x~ d0:84:b0:fc:46:79 -78	~xWLAN_6DDBx~ e6:ed:c7:7e:33:29 -90	~xLucasx~ d4:7b:b0:85:1d:c4 -84	~xx~ 24:a4:3c:4f:1b:fa -89	~xRODOLFOx~ 94:e8:c5:3c:2d:10 -87	~xMOVISTAR_05DEx~ 08:6a:0a:61:05:e1 -81	~xREBECAx~ d4:7b:b0:83:ec:fc -91	~xAASC1x~ e8:d1:1b:b7:f1:a9 -75	~xARRIS-2522x~ a4:15:88:91:25:20 -89	
~xARACELLI1x~ 90:48:9a:b0:cd:4b -51	~xWLAN_0310x~ f0:f2:49:30:03:18 -51	~xARRIS-5EB2x~ 98:6b:3d:bf:5e:b0 -79	~xWLAN_4673x~ d0:84:b0:fc:46:79 -78	~xWLAN_6DDBx~ e6:ed:c7:7e:33:29 -90	~xLucasx~ d4:7b:b0:85:1d:c4 -84	~xx~ 24:a4:3c:4f:1b:fa -89	~xRODOLFOx~ 94:e8:c5:3c:2d:10 -87	~xMOVISTAR_05DEx~ 08:6a:0a:61:05:e1 -81	~xREBECAx~ d4:7b:b0:83:ec:fc -91	~xAASC1x~ e8:d1:1b:b7:f1:a9 -75	~xARRIS-2522x~ a4:15:88:91:25:20 -89	
~xARACELLI1x~ 90:48:9a:b0:cd:4b -51	~xWLAN_0310x~ f0:f2:49:30:03:18 -51	~xARRIS-5EB2x~ 98:6b:3d:bf:5e:b0 -79	~xWLAN_4673x~ d0:84:b0:fc:46:79 -78	~xWLAN_6DDBx~ e6:ed:c7:7e:33:29 -90	~xLucasx~ d4:7b:b0:85:1d:c4 -84	~xx~ 24:a4:3c:4f:1b:fa -89	~xRODOLFOx~ 94:e8:c5:3c:2d:10 -87	~xMOVISTAR_05DEx~ 08:6a:0a:61:05:e1 -81	~xREBECAx~ d4:7b:b0:83:ec:fc -91	~xAASC1x~ e8:d1:1b:b7:f1:a9 -75	~xARRIS-2522x~ a4:15:88:91:25:20 -89	
~xARACELLI1x~ 90:48:9a:b0:cd:4b -42	~xWLAN_0310x~ f0:f2:49:30:03:18 -58	~xARRIS-5EB2x~ 98:6b:3d:bf:5e:b0 -73	~xWLAN_4673x~ d0:84:b0:fc:46:79 -70	~xWLAN_6DDBx~ e6:ed:c7:7e:33:29 -90	~xLucasx~ d4:7b:b0:85:1d:c4 -84	~xx~ 24:a4:3c:4f:1b:fa -85	~xRODOLFOx~ 94:e8:c5:3c:2d:10 -87	~xMOVISTAR_05DEx~ 08:6a:0a:61:05:e1 -89	~xREBECAx~ d4:7b:b0:83:ec:fc -91	~xAASC1x~ e8:d1:1b:b7:f1:a9 -78	~xARRIS-2522x~ a4:15:88:91:25:20 -89	
~xARACELLI1x~ 90:48:9a:b0:cd:4b -42	~xWLAN_0310x~ f0:f2:49:30:03:18 -58	~xARRIS-5EB2x~ 98:6b:3d:bf:5e:b0 -73	~xWLAN_4673x~ d0:84:b0:fc:46:79 -70	~xWLAN_6DDBx~ e6:ed:c7:7e:33:29 -90	~xLucasx~ d4:7b:b0:85:1d:c4 -84	~xx~ 24:a4:3c:4f:1b:fa -85	~xRODOLFOx~ 94:e8:c5:3c:2d:10 -87	~xMOVISTAR_05DEx~ 08:6a:0a:61:05:e1 -89	~xREBECAx~ d4:7b:b0:83:ec:fc -91	~xAASC1x~ e8:d1:1b:b7:f1:a9 -78	~xARRIS-2522x~ a4:15:88:91:25:20 -89	
~xARACELLI1x~ 90:48:9a:b0:cd:4b -42	~xWLAN_0310x~ f0:f2:49:30:03:18 -58	~xARRIS-5EB2x~ 98:6b:3d:bf:5e:b0 -73	~xWLAN_4673x~ d0:84:b0:fc:46:79 -70	~xWLAN_6DDBx~ e6:ed:c7:7e:33:29 -90	~xLucasx~ d4:7b:b0:85:1d:c4 -84	~xx~ 24:a4:3c:4f:1b:fa -85	~xRODOLFOx~ 94:e8:c5:3c:2d:10 -87	~xMOVISTAR_05DEx~ 08:6a:0a:61:05:e1 -89	~xREBECAx~ d4:7b:b0:83:ec:fc -91	~xAASC1x~ e8:d1:1b:b7:f1:a9 -78	~xARRIS-2522x~ a4:15:88:91:25:20 -89	
~xARACELLI1x~ 90:48:9a:b0:cd:4b -41	~xWLAN_0310x~ f0:f2:49:30:03:18 -55	~xARRIS-5EB2x~ 98:6b:3d:bf:5e:b0 -69	~xWLAN_4673x~ d0:84:b0:fc:46:79 -72	~xWLAN_6DDBx~ e6:ed:c7:7e:33:29 -90	~xLucasx~ d4:7b:b0:85:1d:c4 -77	~xx~ 24:a4:3c:4f:1b:fa -84	~xRODOLFOx~ 94:e8:c5:3c:2d:10 -87	~xMOVISTAR_05DEx~ 08:6a:0a:61:05:e1 -89	~xREBECAx~ d4:7b:b0:83:ec:fc -91	~xAASC1x~ e8:d1:1b:b7:f1:a9 -73	~xARRIS-2522x~ a4:15:88:91:25:20 -89	
~xARACELLI1x~ 90:48:9a:b0:cd:4b -41	~xWLAN_0310x~ f0:f2:49:30:03:18 -55	~xARRIS-5EB2x~ 98:6b:3d:bf:5e:b0 -69	~xWLAN_4673x~ d0:84:b0:fc:46:79 -72	~xWLAN_6DDBx~ e6:ed:c7:7e:33:29 -90	~xLucasx~ d4:7b:b0:85:1d:c4 -77	~xx~ 24:a4:3c:4f:1b:fa -84	~xRODOLFOx~ 94:e8:c5:3c:2d:10 -87	~xMOVISTAR_05DEx~ 08:6a:0a:61:05:e1 -89	~xREBECAx~ d4:7b:b0:83:ec:fc -91	~xAASC1x~ e8:d1:1b:b7:f1:a9 -73	~xARRIS-2522x~ a4:15:88:91:25:20 -89	
~xARACELLI1x~ 90:48:9a:b0:cd:4b -41	~xWLAN_0310x~ f0:f2:49:30:03:18 -55	~xARRIS-5EB2x~ 98:6b:3d:bf:5e:b0 -69	~xWLAN_4673x~ d0:84:b0:fc:46:79 -72	~xWLAN_6DDBx~ e6:ed:c7:7e:33:29 -90	~xLucasx~ d4:7b:b0:85:1d:c4 -77	~xx~ 24:a4:3c:4f:1b:fa -84	~xRODOLFOx~ 94:e8:c5:3c:2d:10 -87	~xMOVISTAR_05DEx~ 08:6a:0a:61:05:e1 -89	~xREBECAx~ d4:7b:b0:83:ec:fc -91	~xAASC1x~ e8:d1:1b:b7:f1:a9 -73	~xARRIS-2522x~ a4:15:88:91:25:20 -89	
~xARACELLI1x~ 90:48:9a:b0:cd:4b -41	~xWLAN_0310x~ f0:f2:49:30:03:18 -55	~xARRIS-5EB2x~ 98:6b:3d:bf:5e:b0 -69	~xWLAN_4673x~ d0:84:b0:fc:46:79 -72	~xWLAN_6DDBx~ e6:ed:c7:7e:33:29 -90	~xLucasx~ d4:7b:b0:85:1d:c4 -77	~xx~ 24:a4:3c:4f:1b:fa -84	~xRODOLFOx~ 94:e8:c5:3c:2d:10 -87	~xMOVISTAR_05DEx~ 08:6a:0a:61:05:e1 -89	~xREBECAx~ d4:7b:b0:83:ec:fc -91	~xAASC1x~ e8:d1:1b:b7:f1:a9 -73	~xARRIS-2522x~ a4:15:88:91:25:20 -89	
~xARACELLI1x~ 90:48:9a:b0:cd:4b -43	~xWLAN_0310x~ f0:f2:49:30:03:18 -64	~xARRIS-5EB2x~ 98:6b:3d:bf:5e:b0 -73	~xWLAN_4673x~ d0:84:b0:fc:46:79 -78	~xWLAN_6DDBx~ e6:ed:c7:7e:33:29 -89	~xLucasx~ d4:7b:b0:85:1d:c4 -90	~xx~ 24:a4:3c:4f:1b:fa -84	~xRODOLFOx~ 94:e8:c5:3c:2d:10 -87	~xMOVISTAR_05DEx~ 08:6a:0a:61:05:e1 -89	~xAASC1x~ e8:d1:1b:b7:f1:a9 -79	~xARRIS-2522x~ a4:15:88:91:25:20 -89	~xTP-LINK_9D7Cx~ 84:16:f9:ff:9d:7c -88	
~xARACELLI1x~ 90:48:9a:b0:cd:4b -43	~xWLAN_0310x~ f0:f2:49:30:03:18 -64	~xARRIS-5EB2x~ 98:6b:3d:bf:5e:b0 -73	~xWLAN_4673x~ d0:84:b0:fc:46:79 -78	~xWLAN_6DDBx~ e6:ed:c7:7e:33:29 -89	~xLucasx~ d4:7b:b0:85:1d:c4 -90	~xx~ 24:a4:3c:4f:1b:fa -84	~xRODOLFOx~ 94:e8:c5:3c:2d:10 -87	~xMOVISTAR_05DEx~ 08:6a:0a:61:05:e1 -89	~xAASC1x~ e8:d1:1b:b7:f1:a9 -79	~xARRIS-2522x~ a4:15:88:91:25:20 -89	~xTP-LINK_9D7Cx~ 84:16:f9:ff:9d:7c -88	
~xARACELLI1x~ 90:48:9a:b0:cd:4b -43	~xWLAN_0310x~ f0:f2:49:30:03:18 -64	~xARRIS-5EB2x~ 98:6b:3d:bf:5e:b0 -73	~xWLAN_4673x~ d0:84:b0:fc:46:79 -78	~xWLAN_6DDBx~ e6:ed:c7:7e:33:29 -89	~xLucasx~ d4:7b:b0:85:1d:c4 -90	~xx~ 24:a4:3c:4f:1b:fa -84	~xRODOLFOx~ 94:e8:c5:3c:2d:10 -87	~xMOVISTAR_05DEx~ 08:6a:0a:61:05:e1 -89	~xAASC1x~ e8:d1:1b:b7:f1:a9 -79	~xARRIS-2522x~ a4:15:88:91:25:20 -89	~xTP-LINK_9D7Cx~ 84:16:f9:ff:9d:7c -88	
~xARACELLI1x~ 90:48:9a:b0:cd:4b -55	~xWLAN_0310x~ f0:f2:49:30:03:18 -49	~xARRIS-5EB2x~ 98:6b:3d:bf:5e:b0 -79	~xWLAN_4673x~ d0:84:b0:fc:46:79 -85	~xWLAN_6DDBx~ e6:ed:c7:7e:33:29 -82	~xLucasx~ d4:7b:b0:85:1d:c4 -90	~xx~ 24:a4:3c:4f:1b:fa -84	~xRODOLFOx~ 94:e8:c5:3c:2d:10 -87	~xMOVISTAR_05DEx~ 08:6a:0a:61:05:e1 -89	~xAASC1x~ e8:d1:1b:b7:f1:a9 -83	~xARRIS-2522x~ a4:15:88:91:25:20 -89	~xTP-LINK_9D7Cx~ 84:16:f9:ff:9d:7c -89	~x martelx~ 60:19:71:a9:c5:80 -90	~xx~ 24:a4:3c:4f:1c:00 -92	
~xARACELLI1x~ 90:48:9a:b0:cd:4b -55	~xWLAN_0310x~ f0:f2:49:30:03:18 -49	~xARRIS-5EB2x~ 98:6b:3d:bf:5e:b0 -79	~xWLAN_4673x~ d0:84:b0:fc:46:79 -85	~xWLAN_6DDBx~ e6:ed:c7:7e:33:29 -82	~xLucasx~ d4:7b:b0:85:1d:c4 -90	~xx~ 24:a4:3c:4f:1b:fa -84	~xRODOLFOx~ 94:e8:c5:3c:2d:10 -87	~xMOVISTAR_05DEx~ 08:6a:0a:61:05:e1 -89	~xAASC1x~ e8:d1:1b:b7:f1:a9 -83	~xARRIS-2522x~ a4:15:88:91:25:20 -89	~xTP-LINK_9D7Cx~ 84:16:f9:ff:9d:7c -89	~x martelx~ 60:19:71:a9:c5:80 -90	~xx~ 24:a4:3c:4f:1c:00 -92	
~xARACELLI1x~ 90:48:9a:b0:cd:4b -55	~xWLAN_0310x~ f0:f2:49:30:03:18 -49	~xARRIS-5EB2x~ 98:6b:3d:bf:5e:b0 -79	~xWLAN_4673x~ d0:84:b0:fc:46:79 -85	~xWLAN_6DDBx~ e6:ed:c7:7e:33:29 -82	~xLucasx~ d4:7b:b0:85:1d:c4 -90	~xx~ 24:a4:3c:4f:1b:fa -84	~xRODOLFOx~ 94:e8:c5:3c:2d:10 -87	~xMOVISTAR_05DEx~ 08:6a:0a:61:05:e1 -89	~xAASC1x~ e8:d1:1b:b7:f1:a9 -83	~xARRIS-2522x~ a4:15:88:91:25:20 -89	~xTP-LINK_9D7Cx~ 84:16:f9:ff:9d:7c -89	~x martelx~ 60:19:71:a9:c5:80 -90	~xx~ 24:a4:3c:4f:1c:00 -92	
~xARACELLI1x~ 90:48:9a:b0:cd:4b -45	~xWLAN_0310x~ f0:f2:49:30:03:18 -51	~xARRIS-5EB2x~ 98:6b:3d:bf:5e:b0 -83	~xWLAN_4673x~ d0:84:b0:fc:46:79 -83	~xWLAN_6DDBx~ e6:ed:c7:7e:33:29 -85	~xLucasx~ d4:7b:b0:85:1d:c4 -90	~xx~ 24:a4:3c:4f:1b:fa -84	~xRODOLFOx~ 94:e8:c5:3c:2d:10 -84	~xMOVISTAR_05DEx~ 08:6a:0a:61:05:e1 -89	~xAASC1x~ e8:d1:1b:b7:f1:a9 -78	~xTP-LINK_9D7Cx~ 84:16:f9:ff:9d:7c -90	~x martelx~ 60:19:71:a9:c5:80 -89	~xx~ 24:a4:3c:4f:1c:00 -92	
~xARACELLI1x~ 90:48:9a:b0:cd:4b -45	~xWLAN_0310x~ f0:f2:49:30:03:18 -51	~xARRIS-5EB2x~ 98:6b:3d:bf:5e:b0 -83	~xWLAN_4673x~ d0:84:b0:fc:46:79 -83	~xWLAN_6DDBx~ e6:ed:c7:7e:33:29 -85	~xLucasx~ d4:7b:b0:85:1d:c4 -90	~xx~ 24:a4:3c:4f:1b:fa -84	~xRODOLFOx~ 94:e8:c5:3c:2d:10 -84	~xMOVISTAR_05DEx~ 08:6a:0a:61:05:e1 -89	~xAASC1x~ e8:d1:1b:b7:f1:a9 -78	~xTP-LINK_9D7Cx~ 84:16:f9:ff:9d:7c -90	~x martelx~ 60:19:71:a9:c5:80 -89	~xx~ 24:a4:3c:4f:1c:00 -92	
~xARACELLI1x~ 90:48:9a:b0:cd:4b -45	~xWLAN_0310x~ f0:f2:49:30:03:18 -51	~xARRIS-5EB2x~ 98:6b:3d:bf:5e:b0 -83	~xWLAN_4673x~ d0:84:b0:fc:46:79 -83	~xWLAN_6DDBx~ e6:ed:c7:7e:33:29 -85	~xLucasx~ d4:7b:b0:85:1d:c4 -90	~xx~ 24:a4:3c:4f:1b:fa -84	~xRODOLFOx~ 94:e8:c5:3c:2d:10 -84	~xMOVISTAR_05DEx~ 08:6a:0a:61:05:e1 -89	~xAASC1x~ e8:d1:1b:b7:f1:a9 -78	~xTP-LINK_9D7Cx~ 84:16:f9:ff:9d:7c -90	~x martelx~ 60:19:71:a9:c5:80 -89	~xx~ 24:a4:3c:4f:1c:00 -92	
~xARACELLI1x~ 90:48:9a:b0:cd:4b -45	~xWLAN_0310x~ f0:f2:49:30:03:18 -51	~xARRIS-5EB2x~ 98:6b:3d:bf:5e:b0 -83	~xWLAN_4673x~ d0:84:b0:fc:46:79 -83	~xWLAN_6DDBx~ e6:ed:c7:7e:33:29 -85	~xLucasx~ d4:7b:b0:85:1d:c4 -90	~xx~ 24:a4:3c:4f:1b:fa -84	~xRODOLFOx~ 94:e8:c5:3c:2d:10 -84	~xMOVISTAR_05DEx~ 08:6a:0a:61:05:e1 -89	~xAASC1x~ e8:d1:1b:b7:f1:a9 -78	~xTP-LINK_9D7Cx~ 84:16:f9:ff:9d:7c -90	~x martelx~ 60:19:71:a9:c5:80 -89	~xx~ 24:a4:3c:4f:1c:00 -92	
~xARACELLI1x~ 90:48:9a:b0:cd:4b -51	~xWLAN_0310x~ f0:f2:49:30:03:18 -55	~xARRIS-5EB2x~ 98:6b:3d:bf:5e:b0 -76	~xWLAN_4673x~ d0:84:b0:fc:46:79 -87	~xWLAN_6DDBx~ e6:ed:c7:7e:33:29 -86	~xLucasx~ d4:7b:b0:85:1d:c4 -89	~xx~ 24:a4:3c:4f:1b:fa -85	~xRODOLFOx~ 94:e8:c5:3c:2d:10 -84	~xMOVISTAR_05DEx~ 08:6a:0a:61:05:e1 -79	~xAASC1x~ e8:d1:1b:b7:f1:a9 -85	~xTP-LINK_9D7Cx~ 84:16:f9:ff:9d:7c -90	~x martelx~ 60:19:71:a9:c5:80 -89	~xx~ 24:a4:3c:4f:1c:00 -92	
~xARACELLI1x~ 90:48:9a:b0:cd:4b -51	~xWLAN_0310x~ f0:f2:49:30:03:18 -55	~xARRIS-5EB2x~ 98:6b:3d:bf:5e:b0 -76	~xWLAN_4673x~ d0:84:b0:fc:46:79 -87	~xWLAN_6DDBx~ e6:ed:c7:7e:33:29 -86	~xLucasx~ d4:7b:b0:85:1d:c4 -89	~xx~ 24:a4:3c:4f:1b:fa -85	~xRODOLFOx~ 94:e8:c5:3c:2d:10 -84	~xMOVISTAR_05DEx~ 08:6a:0a:61:05:e1 -79	~xAASC1x~ e8:d1:1b:b7:f1:a9 -85	~xTP-LINK_9D7Cx~ 84:16:f9:ff:9d:7c -90	~x martelx~ 60:19:71:a9:c5:80 -89	~xx~ 24:a4:3c:4f:1c:00 -92	
~xARACELLI1x~ 90:48:9a:b0:cd:4b -51	~xWLAN_0310x~ f0:f2:49:30:03:18 -55	~xARRIS-5EB2x~ 98:6b:3d:bf:5e:b0 -76	~xWLAN_4673x~ d0:84:b0:fc:46:79 -87	~xWLAN_6DDBx~ e6:ed:c7:7e:33:29 -86	~xLucasx~ d4:7b:b0:85:1d:c4 -89	~xx~ 24:a4:3c:4f:1b:fa -85	~xRODOLFOx~ 94:e8:c5:3c:2d:10 -84	~xMOVISTAR_05DEx~ 08:6a:0a:61:05:e1 -79	~xAASC1x~ e8:d1:1b:b7:f1:a9 -85	~xTP-LINK_9D7Cx~ 84:16:f9:ff:9d:7c -90	~x martelx~ 60:19:71:a9:c5:80 -89	~xx~ 24:a4:3c:4f:1c:00 -92	
~xARACELLI1x~ 90:48:9a:b0:cd:4b -48	~xWLAN_0310x~ f0:f2:49:30:03:18 -59	~xARRIS-5EB2x~ 98:6b:3d:bf:5e:b0 -75	~xWLAN_4673x~ d0:84:b0:fc:46:79 -85	~xWLAN_6DDBx~ e6:ed:c7:7e:33:29 -86	~xLucasx~ d4:7b:b0:85:1d:c4 -86	~xx~ 24:a4:3c:4f:1b:fa -83	~xRODOLFOx~ 94:e8:c5:3c:2d:10 -84	~xMOVISTAR_05DEx~ 08:6a:0a:61:05:e1 -79	~xAASC1x~ e8:d1:1b:b7:f1:a9 -81	~xTP-LINK_9D7Cx~ 84:16:f9:ff:9d:7c -90	~x martelx~ 60:19:71:a9:c5:80 -88	~xx~ 24:a4:3c:4f:1c:00 -92	
~xARACELLI1x~ 90:48:9a:b0:cd:4b -48	~xWLAN_0310x~ f0:f2:49:30:03:18 -59	~xARRIS-5EB2x~ 98:6b:3d:bf:5e:b0 -75	~xWLAN_4673x~ d0:84:b0:fc:46:79 -85	~xWLAN_6DDBx~ e6:ed:c7:7e:33:29 -86	~xLucasx~ d4:7b:b0:85:1d:c4 -86	~xx~ 24:a4:3c:4f:1b:fa -83	~xRODOLFOx~ 94:e8:c5:3c:2d:10 -84	~xMOVISTAR_05DEx~ 08:6a:0a:61:05:e1 -79	~xAASC1x~ e8:d1:1b:b7:f1:a9 -81	~xTP-LINK_9D7Cx~ 84:16:f9:ff:9d:7c -90	~x martelx~ 60:19:71:a9:c5:80 -88	~xx~ 24:a4:3c:4f:1c:00 -92	
~xARACELLI1x~ 90:48:9a:b0:cd:4b -48	~xWLAN_0310x~ f0:f2:49:30:03:18 -59	~xARRIS-5EB2x~ 98:6b:3d:bf:5e:b0 -75	~xWLAN_4673x~ d0:84:b0:fc:46:79 -85	~xWLAN_6DDBx~ e6:ed:c7:7e:33:29 -86	~xLucasx~ d4:7b:b0:85:1d:c4 -86	~xx~ 24:a4:3c:4f:1b:fa -83	~xRODOLFOx~ 94:e8:c5:3c:2d:10 -84	~xMOVISTAR_05DEx~ 08:6a:0a:61:05:e1 -79	~xAASC1x~ e8:d1:1b:b7:f1:a9 -81	~xTP-LINK_9D7Cx~ 84:16:f9:ff:9d:7c -90	~x martelx~ 60:19:71:a9:c5:80 -88	~xx~ 24:a4:3c:4f:1c:00 -92	
~xARACELLI1x~ 90:48:9a:b0:cd:4b -43	~xWLAN_0310x~ f0:f2:49:30:03:18 -61	~xARRIS-5EB2x~ 98:6b:3d:bf:5e:b0 -73	~xWLAN_4673x~ d0:84:b0:fc:46:79 -75	~xWLAN_6DDBx~ e6:ed:c7:7e:33:29 -86	~xLucasx~ d4:7b:b0:85:1d:c4 -77	~xx~ 24:a4:3c:4f:1b:fa -83	~xRODOLFOx~ 94:e8:c5:3c:2d:10 -84	~xMOVISTAR_05DEx~ 08:6a:0a:61:05:e1 -93	~xAASC1x~ e8:d1:1b:b7:f1:a9 -78	~xTP-LINK_9D7Cx~ 84:16:f9:ff:9d:7c -91	~x martelx~ 60:19:71:a9:c5:80 -88	~xx~ 24:a4:3c:4f:1c:00 -92	
~xARACELLI1x~ 90:48:9a:b0:cd:4b -43	~xWLAN_0310x~ f0:f2:49:30:03:18 -61	~xARRIS-5EB2x~ 98:6b:3d:bf:5e:b0 -73	~xWLAN_4673x~ d0:84:b0:fc:46:79 -75	~xWLAN_6DDBx~ e6:ed:c7:7e:33:29 -86	~xLucasx~ d4:7b:b0:85:1d:c4 -77	~xx~ 24:a4:3c:4f:1b:fa -83	~xRODOLFOx~ 94:e8:c5:3c:2d:10 -84	~xMOVISTAR_05DEx~ 08:6a:0a:61:05:e1 -93	~xAASC1x~ e8:d1:1b:b7:f1:a9 -78	~xTP-LINK_9D7Cx~ 84:16:f9:ff:9d:7c -91	~x martelx~ 60:19:71:a9:c5:80 -88	~xx~ 24:a4:3c:4f:1c:00 -92	
~xARACELLI1x~ 90:48:9a:b0:cd:4b -43	~xWLAN_0310x~ f0:f2:49:30:03:18 -61	~xARRIS-5EB2x~ 98:6b:3d:bf:5e:b0 -73	~xWLAN_4673x~ d0:84:b0:fc:46:79 -75	~xWLAN_6DDBx~ e6:ed:c7:7e:33:29 -86	~xLucasx~ d4:7b:b0:85:1d:c4 -77	~xx~ 24:a4:3c:4f:1b:fa -83	~xRODOLFOx~ 94:e8:c5:3c:2d:10 -84	~xMOVISTAR_05DEx~ 08:6a:0a:61:05:e1 -93	~xAASC1x~ e8:d1:1b:b7:f1:a9 -78	~xTP-LINK_9D7Cx~ 84:16:f9:ff:9d:7c -91	~x martelx~ 60:19:71:a9:c5:80 -88	~xx~ 24:a4:3c:4f:1c:00 -92	
~xARACELLI1x~ 90:48:9a:b0:cd:4b -40	~xWLAN_0310x~ f0:f2:49:30:03:18 -62	~xARRIS-5EB2x~ 98:6b:3d:bf:5e:b0 -75	~xWLAN_4673x~ d0:84:b0:fc:46:79 -78	~xWLAN_6DDBx~ e6:ed:c7:7e:33:29 -86	~xLucasx~ d4:7b:b0:85:1d:c4 -84	~xx~ 24:a4:3c:4f:1b:fa -83	~xRODOLFOx~ 94:e8:c5:3c:2d:10 -89	~xMOVISTAR_05DEx~ 08:6a:0a:61:05:e1 -88	~xAASC1x~ e8:d1:1b:b7:f1:a9 -75	~xTP-LINK_9D7Cx~ 84:16:f9:ff:9d:7c -91	~x martelx~ 60:19:71:a9:c5:80 -88	~xx~ 24:a4:3c:4f:1c:00 -94	
~xARACELLI1x~ 90:48:9a:b0:cd:4b -40	~xWLAN_0310x~ f0:f2:49:30:03:18 -62	~xARRIS-5EB2x~ 98:6b:3d:bf:5e:b0 -75	~xWLAN_4673x~ d0:84:b0:fc:46:79 -78	~xWLAN_6DDBx~ e6:ed:c7:7e:33:29 -86	~xLucasx~ d4:7b:b0:85:1d:c4 -84	~xx~ 24:a4:3c:4f:1b:fa -83	~xRODOLFOx~ 94:e8:c5:3c:2d:10 -89	~xMOVISTAR_05DEx~ 08:6a:0a:61:05:e1 -88	~xAASC1x~ e8:d1:1b:b7:f1:a9 -75	~xTP-LINK_9D7Cx~ 84:16:f9:ff:9d:7c -91	~x martelx~ 60:19:71:a9:c5:80 -88	~xx~ 24:a4:3c:4f:1c:00 -94	
~xARACELLI1x~ 90:48:9a:b0:cd:4b -40	~xWLAN_0310x~ f0:f2:49:30:03:18 -62	~xARRIS-5EB2x~ 98:6b:3d:bf:5e:b0 -75	~xWLAN_4673x~ d0:84:b0:fc:46:79 -78	~xWLAN_6DDBx~ e6:ed:c7:7e:33:29 -86	~xLucasx~ d4:7b:b0:85:1d:c4 -84	~xx~ 24:a4:3c:4f:1b:fa -83	~xRODOLFOx~ 94:e8:c5:3c:2d:10 -89	~xMOVISTAR_05DEx~ 08:6a:0a:61:05:e1 -88	~xAASC1x~ e8:d1:1b:b7:f1:a9 -75	~xTP-LINK_9D7Cx~ 84:16:f9:ff:9d:7c -91	~x martelx~ 60:19:71:a9:c5:80 -88	~xx~ 24:a4:3c:4f:1c:00 -94	
~xARACELLI1x~ 90:48:9a:b0:cd:4b -40	~xWLAN_0310x~ f0:f2:49:30:03:18 -62	~xARRIS-5EB2x~ 98:6b:3d:bf:5e:b0 -75	~xWLAN_4673x~ d0:84:b0:fc:46:79 -78	~xWLAN_6DDBx~ e6:ed:c7:7e:33:29 -86	~xLucasx~ d4:7b:b0:85:1d:c4 -84	~xx~ 24:a4:3c:4f:1b:fa -83	~xRODOLFOx~ 94:e8:c5:3c:2d:10 -89	~xMOVISTAR_05DEx~ 08:6a:0a:61:05:e1 -88	~xAASC1x~ e8:d1:1b:b7:f1:a9 -75	~xTP-LINK_9D7Cx~ 84:16:f9:ff:9d:7c -91	~x martelx~ 60:19:71:a9:c5:80 -88	~xx~ 24:a4:3c:4f:1c:00 -94	
~xARACELLI1x~ 90:48:9a:b0:cd:4b -50	~xWLAN_0310x~ f0:f2:49:30:03:18 -52	~xARRIS-5EB2x~ 98:6b:3d:bf:5e:b0 -69	~xWLAN_4673x~ d0:84:b0:fc:46:79 -70	~xWLAN_6DDBx~ e6:ed:c7:7e:33:29 -90	~xLucasx~ d4:7b:b0:85:1d:c4 -84	~xx~ 24:a4:3c:4f:1b:fa -87	~xRODOLFOx~ 94:e8:c5:3c:2d:10 -89	~xMOVISTAR_05DEx~ 08:6a:0a:61:05:e1 -85	~xAASC1x~ e8:d1:1b:b7:f1:a9 -80	~xTP-LINK_9D7Cx~ 84:16:f9:ff:9d:7c -91	~x martelx~ 60:19:71:a9:c5:80 -88	~xx~ 24:a4:3c:4f:1c:00 -94	~xDIRECT-Dn[TV]familianavax~ 4a:44:f7:9b:28:31 -77	~xMOVISTAR_EB90x~ fc:5a:1d:25:eb:98 -89	
~xARACELLI1x~ 90:48:9a:b0:cd:4b -50	~xWLAN_0310x~ f0:f2:49:30:03:18 -52	~xARRIS-5EB2x~ 98:6b:3d:bf:5e:b0 -69	~xWLAN_4673x~ d0:84:b0:fc:46:79 -70	~xWLAN_6DDBx~ e6:ed:c7:7e:33:29 -90	~xLucasx~ d4:7b:b0:85:1d:c4 -84	~xx~ 24:a4:3c:4f:1b:fa -87	~xRODOLFOx~ 94:e8:c5:3c:2d:10 -89	~xMOVISTAR_05DEx~ 08:6a:0a:61:05:e1 -85	~xAASC1x~ e8:d1:1b:b7:f1:a9 -80	~xTP-LINK_9D7Cx~ 84:16:f9:ff:9d:7c -91	~x martelx~ 60:19:71:a9:c5:80 -88	~xx~ 24:a4:3c:4f:1c:00 -94	~xDIRECT-Dn[TV]familianavax~ 4a:44:f7:9b:28:31 -77	~xMOVISTAR_EB90x~ fc:5a:1d:25:eb:98 -89	
~xARACELLI1x~ 90:48:9a:b0:cd:4b -50	~xWLAN_0310x~ f0:f2:49:30:03:18 -52	~xARRIS-5EB2x~ 98:6b:3d:bf:5e:b0 -69	~xWLAN_4673x~ d0:84:b0:fc:46:79 -70	~xWLAN_6DDBx~ e6:ed:c7:7e:33:29 -90	~xLucasx~ d4:7b:b0:85:1d:c4 -84	~xx~ 24:a4:3c:4f:1b:fa -87	~xRODOLFOx~ 94:e8:c5:3c:2d:10 -89	~xMOVISTAR_05DEx~ 08:6a:0a:61:05:e1 -85	~xAASC1x~ e8:d1:1b:b7:f1:a9 -80	~xTP-LINK_9D7Cx~ 84:16:f9:ff:9d:7c -91	~x martelx~ 60:19:71:a9:c5:80 -88	~xx~ 24:a4:3c:4f:1c:00 -94	~xDIRECT-Dn[TV]familianavax~ 4a:44:f7:9b:28:31 -77	~xMOVISTAR_EB90x~ fc:5a:1d:25:eb:98 -89	
~xARACELLI1x~ 90:48:9a:b0:cd:4b -47	~xWLAN_0310x~ f0:f2:49:30:03:18 -46	~xARRIS-5EB2x~ 98:6b:3d:bf:5e:b0 -78	~xWLAN_4673x~ d0:84:b0:fc:46:79 -91	~xWLAN_6DDBx~ e6:ed:c7:7e:33:29 -86	~xLucasx~ d4:7b:b0:85:1d:c4 -89	~xx~ 24:a4:3c:4f:1b:fa -87	~xRODOLFOx~ 94:e8:c5:3c:2d:10 -88	~xMOVISTAR_05DEx~ 08:6a:0a:61:05:e1 -85	~xAASC1x~ e8:d1:1b:b7:f1:a9 -88	~xTP-LINK_9D7Cx~ 84:16:f9:ff:9d:7c -91	~x martelx~ 60:19:71:a9:c5:80 -88	~xx~ 24:a4:3c:4f:1c:00 -92	~xDIRECT-Dn[TV]familianavax~ 4a:44:f7:9b:28:31 -85	~xMOVISTAR_EB90x~ fc:5a:1d:25:eb:98 -89	
~xARACELLI1x~ 90:48:9a:b0:cd:4b -47	~xWLAN_0310x~ f0:f2:49:30:03:18 -46	~xARRIS-5EB2x~ 98:6b:3d:bf:5e:b0 -78	~xWLAN_4673x~ d0:84:b0:fc:46:79 -91	~xWLAN_6DDBx~ e6:ed:c7:7e:33:29 -86	~xLucasx~ d4:7b:b0:85:1d:c4 -89	~xx~ 24:a4:3c:4f:1b:fa -87	~xRODOLFOx~ 94:e8:c5:3c:2d:10 -88	~xMOVISTAR_05DEx~ 08:6a:0a:61:05:e1 -85	~xAASC1x~ e8:d1:1b:b7:f1:a9 -88	~xTP-LINK_9D7Cx~ 84:16:f9:ff:9d:7c -91	~x martelx~ 60:19:71:a9:c5:80 -88	~xx~ 24:a4:3c:4f:1c:00 -92	~xDIRECT-Dn[TV]familianavax~ 4a:44:f7:9b:28:31 -85	~xMOVISTAR_EB90x~ fc:5a:1d:25:eb:98 -89	
~xARACELLI1x~ 90:48:9a:b0:cd:4b -46	~xWLAN_0310x~ f0:f2:49:30:03:18 -48	~xARRIS-5EB2x~ 98:6b:3d:bf:5e:b0 -76	~xWLAN_4673x~ d0:84:b0:fc:46:79 -91	~xWLAN_6DDBx~ e6:ed:c7:7e:33:29 -86	~xLucasx~ d4:7b:b0:85:1d:c4 -89	~xx~ 24:a4:3c:4f:1b:fa -87	~xRODOLFOx~ 94:e8:c5:3c:2d:10 -88	~xMOVISTAR_05DEx~ 08:6a:0a:61:05:e1 -86	~xAASC1x~ e8:d1:1b:b7:f1:a9 -82	~xTP-LINK_9D7Cx~ 84:16:f9:ff:9d:7c -91	~xx~ 24:a4:3c:4f:1c:00 -92	~xDIRECT-Dn[TV]familianavax~ 4a:44:f7:9b:28:31 -81	~xMOVISTAR_EB90x~ fc:5a:1d:25:eb:98 -90	
~xARACELLI1x~ 90:48:9a:b0:cd:4b -46	~xWLAN_0310x~ f0:f2:49:30:03:18 -48	~xARRIS-5EB2x~ 98:6b:3d:bf:5e:b0 -76	~xWLAN_4673x~ d0:84:b0:fc:46:79 -91	~xWLAN_6DDBx~ e6:ed:c7:7e:33:29 -86	~xLucasx~ d4:7b:b0:85:1d:c4 -89	~xx~ 24:a4:3c:4f:1b:fa -87	~xRODOLFOx~ 94:e8:c5:3c:2d:10 -88	~xMOVISTAR_05DEx~ 08:6a:0a:61:05:e1 -86	~xAASC1x~ e8:d1:1b:b7:f1:a9 -82	~xTP-LINK_9D7Cx~ 84:16:f9:ff:9d:7c -91	~xx~ 24:a4:3c:4f:1c:00 -92	~xDIRECT-Dn[TV]familianavax~ 4a:44:f7:9b:28:31 -81	~xMOVISTAR_EB90x~ fc:5a:1d:25:eb:98 -90	
~xARACELLI1x~ 90:48:9a:b0:cd:4b -51	~xWLAN_0310x~ f0:f2:49:30:03:18 -52	~xARRIS-5EB2x~ 98:6b:3d:bf:5e:b0 -79	~xWLAN_4673x~ d0:84:b0:fc:46:79 -81	~xWLAN_6DDBx~ e6:ed:c7:7e:33:29 -86	~xLucasx~ d4:7b:b0:85:1d:c4 -87	~xx~ 24:a4:3c:4f:1b:fa -78	~xRODOLFOx~ 94:e8:c5:3c:2d:10 -88	~xMOVISTAR_05DEx~ 08:6a:0a:61:05:e1 -89	~xAASC1x~ e8:d1:1b:b7:f1:a9 -82	~xx~ 24:a4:3c:4f:1c:00 -92	~xDIRECT-Dn[TV]familianavax~ 4a:44:f7:9b:28:31 -81	~xMOVISTAR_EB90x~ fc:5a:1d:25:eb:98 -90	~xARRIS-2522x~ a4:15:88:91:25:20 -88	
~xARACELLI1x~ 90:48:9a:b0:cd:4b -51	~xWLAN_0310x~ f0:f2:49:30:03:18 -52	~xARRIS-5EB2x~ 98:6b:3d:bf:5e:b0 -79	~xWLAN_4673x~ d0:84:b0:fc:46:79 -81	~xWLAN_6DDBx~ e6:ed:c7:7e:33:29 -86	~xLucasx~ d4:7b:b0:85:1d:c4 -87	~xx~ 24:a4:3c:4f:1b:fa -78	~xRODOLFOx~ 94:e8:c5:3c:2d:10 -88	~xMOVISTAR_05DEx~ 08:6a:0a:61:05:e1 -89	~xAASC1x~ e8:d1:1b:b7:f1:a9 -82	~xx~ 24:a4:3c:4f:1c:00 -92	~xDIRECT-Dn[TV]familianavax~ 4a:44:f7:9b:28:31 -81	~xMOVISTAR_EB90x~ fc:5a:1d:25:eb:98 -90	~xARRIS-2522x~ a4:15:88:91:25:20 -88	
~xARACELLI1x~ 90:48:9a:b0:cd:4b -51	~xWLAN_0310x~ f0:f2:49:30:03:18 -52	~xARRIS-5EB2x~ 98:6b:3d:bf:5e:b0 -79	~xWLAN_4673x~ d0:84:b0:fc:46:79 -81	~xWLAN_6DDBx~ e6:ed:c7:7e:33:29 -86	~xLucasx~ d4:7b:b0:85:1d:c4 -87	~xx~ 24:a4:3c:4f:1b:fa -78	~xRODOLFOx~ 94:e8:c5:3c:2d:10 -88	~xMOVISTAR_05DEx~ 08:6a:0a:61:05:e1 -89	~xAASC1x~ e8:d1:1b:b7:f1:a9 -82	~xx~ 24:a4:3c:4f:1c:00 -92	~xDIRECT-Dn[TV]familianavax~ 4a:44:f7:9b:28:31 -81	~xMOVISTAR_EB90x~ fc:5a:1d:25:eb:98 -90	~xARRIS-2522x~ a4:15:88:91:25:20 -88	
~xARACELLI1x~ 90:48:9a:b0:cd:4b -50	~xWLAN_0310x~ f0:f2:49:30:03:18 -53	~xARRIS-5EB2x~ 98:6b:3d:bf:5e:b0 -79	~xWLAN_4673x~ d0:84:b0:fc:46:79 -78	~xWLAN_6DDBx~ e6:ed:c7:7e:33:29 -89	~xLucasx~ d4:7b:b0:85:1d:c4 -83	~xx~ 24:a4:3c:4f:1b:fa -78	~xRODOLFOx~ 94:e8:c5:3c:2d:10 -88	~xMOVISTAR_05DEx~ 08:6a:0a:61:05:e1 -91	~xAASC1x~ e8:d1:1b:b7:f1:a9 -82	~xx~ 24:a4:3c:4f:1c:00 -92	~xDIRECT-Dn[TV]familianavax~ 4a:44:f7:9b:28:31 -81	~xMOVISTAR_EB90x~ fc:5a:1d:25:eb:98 -90	~xARRIS-2522x~ a4:15:88:91:25:20 -88	
~xARACELLI1x~ 90:48:9a:b0:cd:4b -50	~xWLAN_0310x~ f0:f2:49:30:03:18 -53	~xARRIS-5EB2x~ 98:6b:3d:bf:5e:b0 -79	~xWLAN_4673x~ d0:84:b0:fc:46:79 -78	~xWLAN_6DDBx~ e6:ed:c7:7e:33:29 -89	~xLucasx~ d4:7b:b0:85:1d:c4 -83	~xx~ 24:a4:3c:4f:1b:fa -78	~xRODOLFOx~ 94:e8:c5:3c:2d:10 -88	~xMOVISTAR_05DEx~ 08:6a:0a:61:05:e1 -91	~xAASC1x~ e8:d1:1b:b7:f1:a9 -82	~xx~ 24:a4:3c:4f:1c:00 -92	~xDIRECT-Dn[TV]familianavax~ 4a:44:f7:9b:28:31 -81	~xMOVISTAR_EB90x~ fc:5a:1d:25:eb:98 -90	~xARRIS-2522x~ a4:15:88:91:25:20 -88	
~xARACELLI1x~ 90:48:9a:b0:cd:4b -50	~xWLAN_0310x~ f0:f2:49:30:03:18 -53	~xARRIS-5EB2x~ 98:6b:3d:bf:5e:b0 -79	~xWLAN_4673x~ d0:84:b0:fc:46:79 -78	~xWLAN_6DDBx~ e6:ed:c7:7e:33:29 -89	~xLucasx~ d4:7b:b0:85:1d:c4 -83	~xx~ 24:a4:3c:4f:1b:fa -78	~xRODOLFOx~ 94:e8:c5:3c:2d:10 -88	~xMOVISTAR_05DEx~ 08:6a:0a:61:05:e1 -91	~xAASC1x~ e8:d1:1b:b7:f1:a9 -82	~xx~ 24:a4:3c:4f:1c:00 -92	~xDIRECT-Dn[TV]familianavax~ 4a:44:f7:9b:28:31 -81	~xMOVISTAR_EB90x~ fc:5a:1d:25:eb:98 -90	~xARRIS-2522x~ a4:15:88:91:25:20 -88	
~xARACELLI1x~ 90:48:9a:b0:cd:4b -50	~xWLAN_0310x~ f0:f2:49:30:03:18 -57	~xARRIS-5EB2x~ 98:6b:3d:bf:5e:b0 -71	~xWLAN_4673x~ d0:84:b0:fc:46:79 -90	~xWLAN_6DDBx~ e6:ed:c7:7e:33:29 -89	~xLucasx~ d4:7b:b0:85:1d:c4 -83	~xx~ 24:a4:3c:4f:1b:fa -88	~xRODOLFOx~ 94:e8:c5:3c:2d:10 -88	~xMOVISTAR_05DEx~ 08:6a:0a:61:05:e1 -91	~xAASC1x~ e8:d1:1b:b7:f1:a9 -88	~xx~ 24:a4:3c:4f:1c:00 -92	~xDIRECT-Dn[TV]familianavax~ 4a:44:f7:9b:28:31 -81	~xMOVISTAR_EB90x~ fc:5a:1d:25:eb:98 -90	~xARRIS-2522x~ a4:15:88:91:25:20 -88	
~xARACELLI1x~ 90:48:9a:b0:cd:4b -50	~xWLAN_0310x~ f0:f2:49:30:03:18 -57	~xARRIS-5EB2x~ 98:6b:3d:bf:5e:b0 -71	~xWLAN_4673x~ d0:84:b0:fc:46:79 -90	~xWLAN_6DDBx~ e6:ed:c7:7e:33:29 -89	~xLucasx~ d4:7b:b0:85:1d:c4 -83	~xx~ 24:a4:3c:4f:1b:fa -88	~xRODOLFOx~ 94:e8:c5:3c:2d:10 -88	~xMOVISTAR_05DEx~ 08:6a:0a:61:05:e1 -91	~xAASC1x~ e8:d1:1b:b7:f1:a9 -88	~xx~ 24:a4:3c:4f:1c:00 -92	~xDIRECT-Dn[TV]familianavax~ 4a:44:f7:9b:28:31 -81	~xMOVISTAR_EB90x~ fc:5a:1d:25:eb:98 -90	~xARRIS-2522x~ a4:15:88:91:25:20 -88	
~xARACELLI1x~ 90:48:9a:b0:cd:4b -50	~xWLAN_0310x~ f0:f2:49:30:03:18 -57	~xARRIS-5EB2x~ 98:6b:3d:bf:5e:b0 -71	~xWLAN_4673x~ d0:84:b0:fc:46:79 -90	~xWLAN_6DDBx~ e6:ed:c7:7e:33:29 -89	~xLucasx~ d4:7b:b0:85:1d:c4 -83	~xx~ 24:a4:3c:4f:1b:fa -88	~xRODOLFOx~ 94:e8:c5:3c:2d:10 -88	~xMOVISTAR_05DEx~ 08:6a:0a:61:05:e1 -91	~xAASC1x~ e8:d1:1b:b7:f1:a9 -88	~xx~ 24:a4:3c:4f:1c:00 -92	~xDIRECT-Dn[TV]familianavax~ 4a:44:f7:9b:28:31 -81	~xMOVISTAR_EB90x~ fc:5a:1d:25:eb:98 -90	~xARRIS-2522x~ a4:15:88:91:25:20 -88	
~xARACELLI1x~ 90:48:9a:b0:cd:4b -54	~xWLAN_0310x~ f0:f2:49:30:03:18 -58	~xARRIS-5EB2x~ 98:6b:3d:bf:5e:b0 -76	~xWLAN_4673x~ d0:84:b0:fc:46:79 -79	~xWLAN_6DDBx~ e6:ed:c7:7e:33:29 -88	~xLucasx~ d4:7b:b0:85:1d:c4 -83	~xx~ 24:a4:3c:4f:1b:fa -88	~xMOVISTAR_05DEx~ 08:6a:0a:61:05:e1 -91	~xAASC1x~ e8:d1:1b:b7:f1:a9 -85	~xDIRECT-Dn[TV]familianavax~ 4a:44:f7:9b:28:31 -81	~xARRIS-2522x~ a4:15:88:91:25:20 -88	
~xARACELLI1x~ 90:48:9a:b0:cd:4b -54	~xWLAN_0310x~ f0:f2:49:30:03:18 -58	~xARRIS-5EB2x~ 98:6b:3d:bf:5e:b0 -76	~xWLAN_4673x~ d0:84:b0:fc:46:79 -79	~xWLAN_6DDBx~ e6:ed:c7:7e:33:29 -88	~xLucasx~ d4:7b:b0:85:1d:c4 -83	~xx~ 24:a4:3c:4f:1b:fa -88	~xMOVISTAR_05DEx~ 08:6a:0a:61:05:e1 -91	~xAASC1x~ e8:d1:1b:b7:f1:a9 -85	~xDIRECT-Dn[TV]familianavax~ 4a:44:f7:9b:28:31 -81	~xARRIS-2522x~ a4:15:88:91:25:20 -88	
~xARACELLI1x~ 90:48:9a:b0:cd:4b -54	~xWLAN_0310x~ f0:f2:49:30:03:18 -58	~xARRIS-5EB2x~ 98:6b:3d:bf:5e:b0 -76	~xWLAN_4673x~ d0:84:b0:fc:46:79 -79	~xWLAN_6DDBx~ e6:ed:c7:7e:33:29 -88	~xLucasx~ d4:7b:b0:85:1d:c4 -83	~xx~ 24:a4:3c:4f:1b:fa -88	~xMOVISTAR_05DEx~ 08:6a:0a:61:05:e1 -91	~xAASC1x~ e8:d1:1b:b7:f1:a9 -85	~xDIRECT-Dn[TV]familianavax~ 4a:44:f7:9b:28:31 -81	~xARRIS-2522x~ a4:15:88:91:25:20 -88	
~xARACELLI1x~ 90:48:9a:b0:cd:4b -54	~xWLAN_0310x~ f0:f2:49:30:03:18 -58	~xARRIS-5EB2x~ 98:6b:3d:bf:5e:b0 -76	~xWLAN_4673x~ d0:84:b0:fc:46:79 -79	~xWLAN_6DDBx~ e6:ed:c7:7e:33:29 -88	~xLucasx~ d4:7b:b0:85:1d:c4 -83	~xx~ 24:a4:3c:4f:1b:fa -88	~xMOVISTAR_05DEx~ 08:6a:0a:61:05:e1 -91	~xAASC1x~ e8:d1:1b:b7:f1:a9 -85	~xDIRECT-Dn[TV]familianavax~ 4a:44:f7:9b:28:31 -81	~xARRIS-2522x~ a4:15:88:91:25:20 -88	
~xARACELLI1x~ 90:48:9a:b0:cd:4b -45	~xWLAN_0310x~ f0:f2:49:30:03:18 -59	~xARRIS-5EB2x~ 98:6b:3d:bf:5e:b0 -85	~xWLAN_4673x~ d0:84:b0:fc:46:79 -77	~xWLAN_6DDBx~ e6:ed:c7:7e:33:29 -88	~xLucasx~ d4:7b:b0:85:1d:c4 -89	~xx~ 24:a4:3c:4f:1b:fa -88	~xMOVISTAR_05DEx~ 08:6a:0a:61:05:e1 -91	~xAASC1x~ e8:d1:1b:b7:f1:a9 -85	~xDIRECT-Dn[TV]familianavax~ 4a:44:f7:9b:28:31 -81	~xMOVISTAR_EB90x~ fc:5a:1d:25:eb:98 -90	
~xARACELLI1x~ 90:48:9a:b0:cd:4b -45	~xWLAN_0310x~ f0:f2:49:30:03:18 -59	~xARRIS-5EB2x~ 98:6b:3d:bf:5e:b0 -85	~xWLAN_4673x~ d0:84:b0:fc:46:79 -77	~xWLAN_6DDBx~ e6:ed:c7:7e:33:29 -88	~xLucasx~ d4:7b:b0:85:1d:c4 -89	~xx~ 24:a4:3c:4f:1b:fa -88	~xMOVISTAR_05DEx~ 08:6a:0a:61:05:e1 -91	~xAASC1x~ e8:d1:1b:b7:f1:a9 -85	~xDIRECT-Dn[TV]familianavax~ 4a:44:f7:9b:28:31 -81	~xMOVISTAR_EB90x~ fc:5a:1d:25:eb:98 -90	
~xARACELLI1x~ 90:48:9a:b0:cd:4b -45	~xWLAN_0310x~ f0:f2:49:30:03:18 -59	~xARRIS-5EB2x~ 98:6b:3d:bf:5e:b0 -85	~xWLAN_4673x~ d0:84:b0:fc:46:79 -77	~xWLAN_6DDBx~ e6:ed:c7:7e:33:29 -88	~xLucasx~ d4:7b:b0:85:1d:c4 -89	~xx~ 24:a4:3c:4f:1b:fa -88	~xMOVISTAR_05DEx~ 08:6a:0a:61:05:e1 -91	~xAASC1x~ e8:d1:1b:b7:f1:a9 -85	~xDIRECT-Dn[TV]familianavax~ 4a:44:f7:9b:28:31 -81	~xMOVISTAR_EB90x~ fc:5a:1d:25:eb:98 -90	
~xARACELLI1x~ 90:48:9a:b0:cd:4b -43	~xWLAN_0310x~ f0:f2:49:30:03:18 -59	~xARRIS-5EB2x~ 98:6b:3d:bf:5e:b0 -70	~xWLAN_4673x~ d0:84:b0:fc:46:79 -76	~xWLAN_6DDBx~ e6:ed:c7:7e:33:29 -88	~xLucasx~ d4:7b:b0:85:1d:c4 -86	~xx~ 24:a4:3c:4f:1b:fa -88	~xAASC1x~ e8:d1:1b:b7:f1:a9 -76	~xDIRECT-Dn[TV]familianavax~ 4a:44:f7:9b:28:31 -81	~xMOVISTAR_EB90x~ fc:5a:1d:25:eb:98 -90	
~xARACELLI1x~ 90:48:9a:b0:cd:4b -43	~xWLAN_0310x~ f0:f2:49:30:03:18 -59	~xARRIS-5EB2x~ 98:6b:3d:bf:5e:b0 -70	~xWLAN_4673x~ d0:84:b0:fc:46:79 -76	~xWLAN_6DDBx~ e6:ed:c7:7e:33:29 -88	~xLucasx~ d4:7b:b0:85:1d:c4 -86	~xx~ 24:a4:3c:4f:1b:fa -88	~xAASC1x~ e8:d1:1b:b7:f1:a9 -76	~xDIRECT-Dn[TV]familianavax~ 4a:44:f7:9b:28:31 -81	~xMOVISTAR_EB90x~ fc:5a:1d:25:eb:98 -90	
~xARACELLI1x~ 90:48:9a:b0:cd:4b -43	~xWLAN_0310x~ f0:f2:49:30:03:18 -59	~xARRIS-5EB2x~ 98:6b:3d:bf:5e:b0 -70	~xWLAN_4673x~ d0:84:b0:fc:46:79 -76	~xWLAN_6DDBx~ e6:ed:c7:7e:33:29 -88	~xLucasx~ d4:7b:b0:85:1d:c4 -86	~xx~ 24:a4:3c:4f:1b:fa -88	~xAASC1x~ e8:d1:1b:b7:f1:a9 -76	~xDIRECT-Dn[TV]familianavax~ 4a:44:f7:9b:28:31 -81	~xMOVISTAR_EB90x~ fc:5a:1d:25:eb:98 -90	
~xARACELLI1x~ 90:48:9a:b0:cd:4b -51	~xWLAN_0310x~ f0:f2:49:30:03:18 -47	~xARRIS-5EB2x~ 98:6b:3d:bf:5e:b0 -85	~xWLAN_4673x~ d0:84:b0:fc:46:79 -78	~xWLAN_6DDBx~ e6:ed:c7:7e:33:29 -82	~xLucasx~ d4:7b:b0:85:1d:c4 -86	~xx~ 24:a4:3c:4f:1b:fa -85	~xAASC1x~ e8:d1:1b:b7:f1:a9 -84	~xDIRECT-Dn[TV]familianavax~ 4a:44:f7:9b:28:31 -81	~xMOVISTAR_EB90x~ fc:5a:1d:25:eb:98 -90	~xTP-LINK_9D7Cx~ 84:16:f9:ff:9d:7c -89	
~xARACELLI1x~ 90:48:9a:b0:cd:4b -51	~xWLAN_0310x~ f0:f2:49:30:03:18 -47	~xARRIS-5EB2x~ 98:6b:3d:bf:5e:b0 -85	~xWLAN_4673x~ d0:84:b0:fc:46:79 -78	~xWLAN_6DDBx~ e6:ed:c7:7e:33:29 -82	~xLucasx~ d4:7b:b0:85:1d:c4 -86	~xx~ 24:a4:3c:4f:1b:fa -85	~xAASC1x~ e8:d1:1b:b7:f1:a9 -84	~xDIRECT-Dn[TV]familianavax~ 4a:44:f7:9b:28:31 -81	~xMOVISTAR_EB90x~ fc:5a:1d:25:eb:98 -90	~xTP-LINK_9D7Cx~ 84:16:f9:ff:9d:7c -89	
~xARACELLI1x~ 90:48:9a:b0:cd:4b -51	~xWLAN_0310x~ f0:f2:49:30:03:18 -47	~xARRIS-5EB2x~ 98:6b:3d:bf:5e:b0 -85	~xWLAN_4673x~ d0:84:b0:fc:46:79 -78	~xWLAN_6DDBx~ e6:ed:c7:7e:33:29 -82	~xLucasx~ d4:7b:b0:85:1d:c4 -86	~xx~ 24:a4:3c:4f:1b:fa -85	~xAASC1x~ e8:d1:1b:b7:f1:a9 -84	~xDIRECT-Dn[TV]familianavax~ 4a:44:f7:9b:28:31 -81	~xMOVISTAR_EB90x~ fc:5a:1d:25:eb:98 -90	~xTP-LINK_9D7Cx~ 84:16:f9:ff:9d:7c -89	
~xARACELLI1x~ 90:48:9a:b0:cd:4b -43	~xWLAN_0310x~ f0:f2:49:30:03:18 -55	~xARRIS-5EB2x~ 98:6b:3d:bf:5e:b0 -77	~xWLAN_4673x~ d0:84:b0:fc:46:79 -87	~xWLAN_6DDBx~ e6:ed:c7:7e:33:29 -89	~xLucasx~ d4:7b:b0:85:1d:c4 -86	~xx~ 24:a4:3c:4f:1b:fa -82	~xAASC1x~ e8:d1:1b:b7:f1:a9 -86	~xDIRECT-Dn[TV]familianavax~ 4a:44:f7:9b:28:31 -81	~xMOVISTAR_EB90x~ fc:5a:1d:25:eb:98 -90	~xTP-LINK_9D7Cx~ 84:16:f9:ff:9d:7c -89	~x martelx~ 60:19:71:a9:c5:80 -87	~xMOVISTAR_05DEx~ 08:6a:0a:61:05:e1 -90	
~xARACELLI1x~ 90:48:9a:b0:cd:4b -43	~xWLAN_0310x~ f0:f2:49:30:03:18 -55	~xARRIS-5EB2x~ 98:6b:3d:bf:5e:b0 -77	~xWLAN_4673x~ d0:84:b0:fc:46:79 -87	~xWLAN_6DDBx~ e6:ed:c7:7e:33:29 -89	~xLucasx~ d4:7b:b0:85:1d:c4 -86	~xx~ 24:a4:3c:4f:1b:fa -82	~xAASC1x~ e8:d1:1b:b7:f1:a9 -86	~xDIRECT-Dn[TV]familianavax~ 4a:44:f7:9b:28:31 -81	~xMOVISTAR_EB90x~ fc:5a:1d:25:eb:98 -90	~xTP-LINK_9D7Cx~ 84:16:f9:ff:9d:7c -89	~x martelx~ 60:19:71:a9:c5:80 -87	~xMOVISTAR_05DEx~ 08:6a:0a:61:05:e1 -90	
~xARACELLI1x~ 90:48:9a:b0:cd:4b -43	~xWLAN_0310x~ f0:f2:49:30:03:18 -55	~xARRIS-5EB2x~ 98:6b:3d:bf:5e:b0 -77	~xWLAN_4673x~ d0:84:b0:fc:46:79 -87	~xWLAN_6DDBx~ e6:ed:c7:7e:33:29 -89	~xLucasx~ d4:7b:b0:85:1d:c4 -86	~xx~ 24:a4:3c:4f:1b:fa -82	~xAASC1x~ e8:d1:1b:b7:f1:a9 -86	~xDIRECT-Dn[TV]familianavax~ 4a:44:f7:9b:28:31 -81	~xMOVISTAR_EB90x~ fc:5a:1d:25:eb:98 -90	~xTP-LINK_9D7Cx~ 84:16:f9:ff:9d:7c -89	~x martelx~ 60:19:71:a9:c5:80 -87	~xMOVISTAR_05DEx~ 08:6a:0a:61:05:e1 -90	
~xARACELLI1x~ 90:48:9a:b0:cd:4b -44	~xWLAN_0310x~ f0:f2:49:30:03:18 -55	~xARRIS-5EB2x~ 98:6b:3d:bf:5e:b0 -78	~xWLAN_4673x~ d0:84:b0:fc:46:79 -77	~xWLAN_6DDBx~ e6:ed:c7:7e:33:29 -91	~xLucasx~ d4:7b:b0:85:1d:c4 -86	~xx~ 24:a4:3c:4f:1b:fa -82	~xAASC1x~ e8:d1:1b:b7:f1:a9 -88	~xDIRECT-Dn[TV]familianavax~ 4a:44:f7:9b:28:31 -81	~xMOVISTAR_EB90x~ fc:5a:1d:25:eb:98 -90	~xTP-LINK_9D7Cx~ 84:16:f9:ff:9d:7c -89	~x martelx~ 60:19:71:a9:c5:80 -87	~xMOVISTAR_05DEx~ 08:6a:0a:61:05:e1 -89	~xRODOLFOx~ 94:e8:c5:3c:2d:10 -89	
~xARACELLI1x~ 90:48:9a:b0:cd:4b -44	~xWLAN_0310x~ f0:f2:49:30:03:18 -55	~xARRIS-5EB2x~ 98:6b:3d:bf:5e:b0 -78	~xWLAN_4673x~ d0:84:b0:fc:46:79 -77	~xWLAN_6DDBx~ e6:ed:c7:7e:33:29 -91	~xLucasx~ d4:7b:b0:85:1d:c4 -86	~xx~ 24:a4:3c:4f:1b:fa -82	~xAASC1x~ e8:d1:1b:b7:f1:a9 -88	~xDIRECT-Dn[TV]familianavax~ 4a:44:f7:9b:28:31 -81	~xMOVISTAR_EB90x~ fc:5a:1d:25:eb:98 -90	~xTP-LINK_9D7Cx~ 84:16:f9:ff:9d:7c -89	~x martelx~ 60:19:71:a9:c5:80 -87	~xMOVISTAR_05DEx~ 08:6a:0a:61:05:e1 -89	~xRODOLFOx~ 94:e8:c5:3c:2d:10 -89	
~xARACELLI1x~ 90:48:9a:b0:cd:4b -44	~xWLAN_0310x~ f0:f2:49:30:03:18 -55	~xARRIS-5EB2x~ 98:6b:3d:bf:5e:b0 -78	~xWLAN_4673x~ d0:84:b0:fc:46:79 -77	~xWLAN_6DDBx~ e6:ed:c7:7e:33:29 -91	~xLucasx~ d4:7b:b0:85:1d:c4 -86	~xx~ 24:a4:3c:4f:1b:fa -82	~xAASC1x~ e8:d1:1b:b7:f1:a9 -88	~xDIRECT-Dn[TV]familianavax~ 4a:44:f7:9b:28:31 -81	~xMOVISTAR_EB90x~ fc:5a:1d:25:eb:98 -90	~xTP-LINK_9D7Cx~ 84:16:f9:ff:9d:7c -89	~x martelx~ 60:19:71:a9:c5:80 -87	~xMOVISTAR_05DEx~ 08:6a:0a:61:05:e1 -89	~xRODOLFOx~ 94:e8:c5:3c:2d:10 -89	
~xARACELLI1x~ 90:48:9a:b0:cd:4b -46	~xWLAN_0310x~ f0:f2:49:30:03:18 -59	~xARRIS-5EB2x~ 98:6b:3d:bf:5e:b0 -73	~xWLAN_4673x~ d0:84:b0:fc:46:79 -85	~xWLAN_6DDBx~ e6:ed:c7:7e:33:29 -91	~xLucasx~ d4:7b:b0:85:1d:c4 -79	~xx~ 24:a4:3c:4f:1b:fa -82	~xAASC1x~ e8:d1:1b:b7:f1:a9 -88	~xTP-LINK_9D7Cx~ 84:16:f9:ff:9d:7c -89	~x martelx~ 60:19:71:a9:c5:80 -87	~xMOVISTAR_05DEx~ 08:6a:0a:61:05:e1 -89	~xRODOLFOx~ 94:e8:c5:3c:2d:10 -89	~xAngelitax~ 08:6a:0a:fd:19:6e -89	
~xARACELLI1x~ 90:48:9a:b0:cd:4b -46	~xWLAN_0310x~ f0:f2:49:30:03:18 -59	~xARRIS-5EB2x~ 98:6b:3d:bf:5e:b0 -73	~xWLAN_4673x~ d0:84:b0:fc:46:79 -85	~xWLAN_6DDBx~ e6:ed:c7:7e:33:29 -91	~xLucasx~ d4:7b:b0:85:1d:c4 -79	~xx~ 24:a4:3c:4f:1b:fa -82	~xAASC1x~ e8:d1:1b:b7:f1:a9 -88	~xTP-LINK_9D7Cx~ 84:16:f9:ff:9d:7c -89	~x martelx~ 60:19:71:a9:c5:80 -87	~xMOVISTAR_05DEx~ 08:6a:0a:61:05:e1 -89	~xRODOLFOx~ 94:e8:c5:3c:2d:10 -89	~xAngelitax~ 08:6a:0a:fd:19:6e -89	
~xARACELLI1x~ 90:48:9a:b0:cd:4b -46	~xWLAN_0310x~ f0:f2:49:30:03:18 -59	~xARRIS-5EB2x~ 98:6b:3d:bf:5e:b0 -73	~xWLAN_4673x~ d0:84:b0:fc:46:79 -85	~xWLAN_6DDBx~ e6:ed:c7:7e:33:29 -91	~xLucasx~ d4:7b:b0:85:1d:c4 -79	~xx~ 24:a4:3c:4f:1b:fa -82	~xAASC1x~ e8:d1:1b:b7:f1:a9 -88	~xTP-LINK_9D7Cx~ 84:16:f9:ff:9d:7c -89	~x martelx~ 60:19:71:a9:c5:80 -87	~xMOVISTAR_05DEx~ 08:6a:0a:61:05:e1 -89	~xRODOLFOx~ 94:e8:c5:3c:2d:10 -89	~xAngelitax~ 08:6a:0a:fd:19:6e -89	
~xARACELLI1x~ 90:48:9a:b0:cd:4b -46	~xWLAN_0310x~ f0:f2:49:30:03:18 -59	~xARRIS-5EB2x~ 98:6b:3d:bf:5e:b0 -73	~xWLAN_4673x~ d0:84:b0:fc:46:79 -85	~xWLAN_6DDBx~ e6:ed:c7:7e:33:29 -91	~xLucasx~ d4:7b:b0:85:1d:c4 -79	~xx~ 24:a4:3c:4f:1b:fa -82	~xAASC1x~ e8:d1:1b:b7:f1:a9 -88	~xTP-LINK_9D7Cx~ 84:16:f9:ff:9d:7c -89	~x martelx~ 60:19:71:a9:c5:80 -87	~xMOVISTAR_05DEx~ 08:6a:0a:61:05:e1 -89	~xRODOLFOx~ 94:e8:c5:3c:2d:10 -89	~xAngelitax~ 08:6a:0a:fd:19:6e -89	
~xARACELLI1x~ 90:48:9a:b0:cd:4b -47	~xWLAN_0310x~ f0:f2:49:30:03:18 -55	~xARRIS-5EB2x~ 98:6b:3d:bf:5e:b0 -71	~xWLAN_4673x~ d0:84:b0:fc:46:79 -76	~xWLAN_6DDBx~ e6:ed:c7:7e:33:29 -89	~xLucasx~ d4:7b:b0:85:1d:c4 -79	~xx~ 24:a4:3c:4f:1b:fa -82	~xAASC1x~ e8:d1:1b:b7:f1:a9 -73	~xTP-LINK_9D7Cx~ 84:16:f9:ff:9d:7c -89	~x martelx~ 60:19:71:a9:c5:80 -87	~xMOVISTAR_05DEx~ 08:6a:0a:61:05:e1 -89	~xRODOLFOx~ 94:e8:c5:3c:2d:10 -88	~xAngelitax~ 08:6a:0a:fd:19:6e -89	~xx~ 24:a4:3c:4f:1c:00 -90	
~xARACELLI1x~ 90:48:9a:b0:cd:4b -47	~xWLAN_0310x~ f0:f2:49:30:03:18 -55	~xARRIS-5EB2x~ 98:6b:3d:bf:5e:b0 -71	~xWLAN_4673x~ d0:84:b0:fc:46:79 -76	~xWLAN_6DDBx~ e6:ed:c7:7e:33:29 -89	~xLucasx~ d4:7b:b0:85:1d:c4 -79	~xx~ 24:a4:3c:4f:1b:fa -82	~xAASC1x~ e8:d1:1b:b7:f1:a9 -73	~xTP-LINK_9D7Cx~ 84:16:f9:ff:9d:7c -89	~x martelx~ 60:19:71:a9:c5:80 -87	~xMOVISTAR_05DEx~ 08:6a:0a:61:05:e1 -89	~xRODOLFOx~ 94:e8:c5:3c:2d:10 -88	~xAngelitax~ 08:6a:0a:fd:19:6e -89	~xx~ 24:a4:3c:4f:1c:00 -90	
~xARACELLI1x~ 90:48:9a:b0:cd:4b -47	~xWLAN_0310x~ f0:f2:49:30:03:18 -55	~xARRIS-5EB2x~ 98:6b:3d:bf:5e:b0 -71	~xWLAN_4673x~ d0:84:b0:fc:46:79 -76	~xWLAN_6DDBx~ e6:ed:c7:7e:33:29 -89	~xLucasx~ d4:7b:b0:85:1d:c4 -79	~xx~ 24:a4:3c:4f:1b:fa -82	~xAASC1x~ e8:d1:1b:b7:f1:a9 -73	~xTP-LINK_9D7Cx~ 84:16:f9:ff:9d:7c -89	~x martelx~ 60:19:71:a9:c5:80 -87	~xMOVISTAR_05DEx~ 08:6a:0a:61:05:e1 -89	~xRODOLFOx~ 94:e8:c5:3c:2d:10 -88	~xAngelitax~ 08:6a:0a:fd:19:6e -89	~xx~ 24:a4:3c:4f:1c:00 -90	
~xARACELLI1x~ 90:48:9a:b0:cd:4b -50	~xWLAN_0310x~ f0:f2:49:30:03:18 -43	~xARRIS-5EB2x~ 98:6b:3d:bf:5e:b0 -71	~xWLAN_4673x~ d0:84:b0:fc:46:79 -81	~xWLAN_6DDBx~ e6:ed:c7:7e:33:29 -85	~xLucasx~ d4:7b:b0:85:1d:c4 -79	~xx~ 24:a4:3c:4f:1b:fa -82	~xAASC1x~ e8:d1:1b:b7:f1:a9 -73	~x martelx~ 60:19:71:a9:c5:80 -87	~xMOVISTAR_05DEx~ 08:6a:0a:61:05:e1 -90	~xRODOLFOx~ 94:e8:c5:3c:2d:10 -88	~xAngelitax~ 08:6a:0a:fd:19:6e -89	~xx~ 24:a4:3c:4f:1c:00 -90	~xDIRECT-Dn[TV]familianavax~ 4a:44:f7:9b:28:31 -81	~xMOVISTAR_EB90x~ fc:5a:1d:25:eb:98 -88	~xARRIS-2522x~ a4:15:88:91:25:20 -91	
~xARACELLI1x~ 90:48:9a:b0:cd:4b -50	~xWLAN_0310x~ f0:f2:49:30:03:18 -43	~xARRIS-5EB2x~ 98:6b:3d:bf:5e:b0 -71	~xWLAN_4673x~ d0:84:b0:fc:46:79 -81	~xWLAN_6DDBx~ e6:ed:c7:7e:33:29 -85	~xLucasx~ d4:7b:b0:85:1d:c4 -79	~xx~ 24:a4:3c:4f:1b:fa -82	~xAASC1x~ e8:d1:1b:b7:f1:a9 -73	~x martelx~ 60:19:71:a9:c5:80 -87	~xMOVISTAR_05DEx~ 08:6a:0a:61:05:e1 -90	~xRODOLFOx~ 94:e8:c5:3c:2d:10 -88	~xAngelitax~ 08:6a:0a:fd:19:6e -89	~xx~ 24:a4:3c:4f:1c:00 -90	~xDIRECT-Dn[TV]familianavax~ 4a:44:f7:9b:28:31 -81	~xMOVISTAR_EB90x~ fc:5a:1d:25:eb:98 -88	~xARRIS-2522x~ a4:15:88:91:25:20 -91	
~xARACELLI1x~ 90:48:9a:b0:cd:4b -50	~xWLAN_0310x~ f0:f2:49:30:03:18 -43	~xARRIS-5EB2x~ 98:6b:3d:bf:5e:b0 -71	~xWLAN_4673x~ d0:84:b0:fc:46:79 -81	~xWLAN_6DDBx~ e6:ed:c7:7e:33:29 -85	~xLucasx~ d4:7b:b0:85:1d:c4 -79	~xx~ 24:a4:3c:4f:1b:fa -82	~xAASC1x~ e8:d1:1b:b7:f1:a9 -73	~x martelx~ 60:19:71:a9:c5:80 -87	~xMOVISTAR_05DEx~ 08:6a:0a:61:05:e1 -90	~xRODOLFOx~ 94:e8:c5:3c:2d:10 -88	~xAngelitax~ 08:6a:0a:fd:19:6e -89	~xx~ 24:a4:3c:4f:1c:00 -90	~xDIRECT-Dn[TV]familianavax~ 4a:44:f7:9b:28:31 -81	~xMOVISTAR_EB90x~ fc:5a:1d:25:eb:98 -88	~xARRIS-2522x~ a4:15:88:91:25:20 -91	
~xARACELLI1x~ 90:48:9a:b0:cd:4b -46	~xWLAN_0310x~ f0:f2:49:30:03:18 -56	~xARRIS-5EB2x~ 98:6b:3d:bf:5e:b0 -79	~xWLAN_4673x~ d0:84:b0:fc:46:79 -81	~xWLAN_6DDBx~ e6:ed:c7:7e:33:29 -86	~xLucasx~ d4:7b:b0:85:1d:c4 -79	~xAASC1x~ e8:d1:1b:b7:f1:a9 -79	~xMOVISTAR_05DEx~ 08:6a:0a:61:05:e1 -90	~xRODOLFOx~ 94:e8:c5:3c:2d:10 -88	~xAngelitax~ 08:6a:0a:fd:19:6e -89	~xx~ 24:a4:3c:4f:1c:00 -90	~xDIRECT-Dn[TV]familianavax~ 4a:44:f7:9b:28:31 -81	~xMOVISTAR_EB90x~ fc:5a:1d:25:eb:98 -90	~xARRIS-2522x~ a4:15:88:91:25:20 -91	
~xARACELLI1x~ 90:48:9a:b0:cd:4b -46	~xWLAN_0310x~ f0:f2:49:30:03:18 -56	~xARRIS-5EB2x~ 98:6b:3d:bf:5e:b0 -79	~xWLAN_4673x~ d0:84:b0:fc:46:79 -81	~xWLAN_6DDBx~ e6:ed:c7:7e:33:29 -86	~xLucasx~ d4:7b:b0:85:1d:c4 -79	~xAASC1x~ e8:d1:1b:b7:f1:a9 -79	~xMOVISTAR_05DEx~ 08:6a:0a:61:05:e1 -90	~xRODOLFOx~ 94:e8:c5:3c:2d:10 -88	~xAngelitax~ 08:6a:0a:fd:19:6e -89	~xx~ 24:a4:3c:4f:1c:00 -90	~xDIRECT-Dn[TV]familianavax~ 4a:44:f7:9b:28:31 -81	~xMOVISTAR_EB90x~ fc:5a:1d:25:eb:98 -90	~xARRIS-2522x~ a4:15:88:91:25:20 -91	
~xARACELLI1x~ 90:48:9a:b0:cd:4b -46	~xWLAN_0310x~ f0:f2:49:30:03:18 -56	~xARRIS-5EB2x~ 98:6b:3d:bf:5e:b0 -79	~xWLAN_4673x~ d0:84:b0:fc:46:79 -81	~xWLAN_6DDBx~ e6:ed:c7:7e:33:29 -86	~xLucasx~ d4:7b:b0:85:1d:c4 -79	~xAASC1x~ e8:d1:1b:b7:f1:a9 -79	~xMOVISTAR_05DEx~ 08:6a:0a:61:05:e1 -90	~xRODOLFOx~ 94:e8:c5:3c:2d:10 -88	~xAngelitax~ 08:6a:0a:fd:19:6e -89	~xx~ 24:a4:3c:4f:1c:00 -90	~xDIRECT-Dn[TV]familianavax~ 4a:44:f7:9b:28:31 -81	~xMOVISTAR_EB90x~ fc:5a:1d:25:eb:98 -90	~xARRIS-2522x~ a4:15:88:91:25:20 -91	
~xARACELLI1x~ 90:48:9a:b0:cd:4b -54	~xWLAN_0310x~ f0:f2:49:30:03:18 -53	~xARRIS-5EB2x~ 98:6b:3d:bf:5e:b0 -82	~xWLAN_4673x~ d0:84:b0:fc:46:79 -86	~xWLAN_6DDBx~ e6:ed:c7:7e:33:29 -86	~xLucasx~ d4:7b:b0:85:1d:c4 -79	~xAASC1x~ e8:d1:1b:b7:f1:a9 -86	~xMOVISTAR_05DEx~ 08:6a:0a:61:05:e1 -90	~xRODOLFOx~ 94:e8:c5:3c:2d:10 -88	~xAngelitax~ 08:6a:0a:fd:19:6e -89	~xx~ 24:a4:3c:4f:1c:00 -90	~xDIRECT-Dn[TV]familianavax~ 4a:44:f7:9b:28:31 -81	~xMOVISTAR_EB90x~ fc:5a:1d:25:eb:98 -90	~xARRIS-2522x~ a4:15:88:91:25:20 -91	~x martelx~ 60:19:71:a9:c5:80 -87	~xTP-LINK_9D7Cx~ 84:16:f9:ff:9d:7c -89	
~xARACELLI1x~ 90:48:9a:b0:cd:4b -54	~xWLAN_0310x~ f0:f2:49:30:03:18 -53	~xARRIS-5EB2x~ 98:6b:3d:bf:5e:b0 -82	~xWLAN_4673x~ d0:84:b0:fc:46:79 -86	~xWLAN_6DDBx~ e6:ed:c7:7e:33:29 -86	~xLucasx~ d4:7b:b0:85:1d:c4 -79	~xAASC1x~ e8:d1:1b:b7:f1:a9 -86	~xMOVISTAR_05DEx~ 08:6a:0a:61:05:e1 -90	~xRODOLFOx~ 94:e8:c5:3c:2d:10 -88	~xAngelitax~ 08:6a:0a:fd:19:6e -89	~xx~ 24:a4:3c:4f:1c:00 -90	~xDIRECT-Dn[TV]familianavax~ 4a:44:f7:9b:28:31 -81	~xMOVISTAR_EB90x~ fc:5a:1d:25:eb:98 -90	~xARRIS-2522x~ a4:15:88:91:25:20 -91	~x martelx~ 60:19:71:a9:c5:80 -87	~xTP-LINK_9D7Cx~ 84:16:f9:ff:9d:7c -89	
~xARACELLI1x~ 90:48:9a:b0:cd:4b -54	~xWLAN_0310x~ f0:f2:49:30:03:18 -53	~xARRIS-5EB2x~ 98:6b:3d:bf:5e:b0 -82	~xWLAN_4673x~ d0:84:b0:fc:46:79 -86	~xWLAN_6DDBx~ e6:ed:c7:7e:33:29 -86	~xLucasx~ d4:7b:b0:85:1d:c4 -79	~xAASC1x~ e8:d1:1b:b7:f1:a9 -86	~xMOVISTAR_05DEx~ 08:6a:0a:61:05:e1 -90	~xRODOLFOx~ 94:e8:c5:3c:2d:10 -88	~xAngelitax~ 08:6a:0a:fd:19:6e -89	~xx~ 24:a4:3c:4f:1c:00 -90	~xDIRECT-Dn[TV]familianavax~ 4a:44:f7:9b:28:31 -81	~xMOVISTAR_EB90x~ fc:5a:1d:25:eb:98 -90	~xARRIS-2522x~ a4:15:88:91:25:20 -91	~x martelx~ 60:19:71:a9:c5:80 -87	~xTP-LINK_9D7Cx~ 84:16:f9:ff:9d:7c -89	
~xARACELLI1x~ 90:48:9a:b0:cd:4b -54	~xWLAN_0310x~ f0:f2:49:30:03:18 -53	~xARRIS-5EB2x~ 98:6b:3d:bf:5e:b0 -82	~xWLAN_4673x~ d0:84:b0:fc:46:79 -86	~xWLAN_6DDBx~ e6:ed:c7:7e:33:29 -86	~xLucasx~ d4:7b:b0:85:1d:c4 -79	~xAASC1x~ e8:d1:1b:b7:f1:a9 -86	~xMOVISTAR_05DEx~ 08:6a:0a:61:05:e1 -90	~xRODOLFOx~ 94:e8:c5:3c:2d:10 -88	~xAngelitax~ 08:6a:0a:fd:19:6e -89	~xx~ 24:a4:3c:4f:1c:00 -90	~xDIRECT-Dn[TV]familianavax~ 4a:44:f7:9b:28:31 -81	~xMOVISTAR_EB90x~ fc:5a:1d:25:eb:98 -90	~xARRIS-2522x~ a4:15:88:91:25:20 -91	~x martelx~ 60:19:71:a9:c5:80 -87	~xTP-LINK_9D7Cx~ 84:16:f9:ff:9d:7c -89	
~xARACELLI1x~ 90:48:9a:b0:cd:4b -56	~xWLAN_0310x~ f0:f2:49:30:03:18 -54	~xARRIS-5EB2x~ 98:6b:3d:bf:5e:b0 -75	~xWLAN_4673x~ d0:84:b0:fc:46:79 -86	~xWLAN_6DDBx~ e6:ed:c7:7e:33:29 -89	~xLucasx~ d4:7b:b0:85:1d:c4 -79	~xAASC1x~ e8:d1:1b:b7:f1:a9 -78	~xMOVISTAR_05DEx~ 08:6a:0a:61:05:e1 -90	~xRODOLFOx~ 94:e8:c5:3c:2d:10 -88	~xx~ 24:a4:3c:4f:1c:00 -90	~xDIRECT-Dn[TV]familianavax~ 4a:44:f7:9b:28:31 -81	~xMOVISTAR_EB90x~ fc:5a:1d:25:eb:98 -90	~xARRIS-2522x~ a4:15:88:91:25:20 -91	~x martelx~ 60:19:71:a9:c5:80 -87	~xTP-LINK_9D7Cx~ 84:16:f9:ff:9d:7c -89	
~xARACELLI1x~ 90:48:9a:b0:cd:4b -56	~xWLAN_0310x~ f0:f2:49:30:03:18 -54	~xARRIS-5EB2x~ 98:6b:3d:bf:5e:b0 -75	~xWLAN_4673x~ d0:84:b0:fc:46:79 -86	~xWLAN_6DDBx~ e6:ed:c7:7e:33:29 -89	~xLucasx~ d4:7b:b0:85:1d:c4 -79	~xAASC1x~ e8:d1:1b:b7:f1:a9 -78	~xMOVISTAR_05DEx~ 08:6a:0a:61:05:e1 -90	~xRODOLFOx~ 94:e8:c5:3c:2d:10 -88	~xx~ 24:a4:3c:4f:1c:00 -90	~xDIRECT-Dn[TV]familianavax~ 4a:44:f7:9b:28:31 -81	~xMOVISTAR_EB90x~ fc:5a:1d:25:eb:98 -90	~xARRIS-2522x~ a4:15:88:91:25:20 -91	~x martelx~ 60:19:71:a9:c5:80 -87	~xTP-LINK_9D7Cx~ 84:16:f9:ff:9d:7c -89	
~xARACELLI1x~ 90:48:9a:b0:cd:4b -56	~xWLAN_0310x~ f0:f2:49:30:03:18 -54	~xARRIS-5EB2x~ 98:6b:3d:bf:5e:b0 -75	~xWLAN_4673x~ d0:84:b0:fc:46:79 -86	~xWLAN_6DDBx~ e6:ed:c7:7e:33:29 -89	~xLucasx~ d4:7b:b0:85:1d:c4 -79	~xAASC1x~ e8:d1:1b:b7:f1:a9 -78	~xMOVISTAR_05DEx~ 08:6a:0a:61:05:e1 -90	~xRODOLFOx~ 94:e8:c5:3c:2d:10 -88	~xx~ 24:a4:3c:4f:1c:00 -90	~xDIRECT-Dn[TV]familianavax~ 4a:44:f7:9b:28:31 -81	~xMOVISTAR_EB90x~ fc:5a:1d:25:eb:98 -90	~xARRIS-2522x~ a4:15:88:91:25:20 -91	~x martelx~ 60:19:71:a9:c5:80 -87	~xTP-LINK_9D7Cx~ 84:16:f9:ff:9d:7c -89	
~xARACELLI1x~ 90:48:9a:b0:cd:4b -56	~xWLAN_0310x~ f0:f2:49:30:03:18 -54	~xARRIS-5EB2x~ 98:6b:3d:bf:5e:b0 -75	~xWLAN_4673x~ d0:84:b0:fc:46:79 -86	~xWLAN_6DDBx~ e6:ed:c7:7e:33:29 -89	~xLucasx~ d4:7b:b0:85:1d:c4 -79	~xAASC1x~ e8:d1:1b:b7:f1:a9 -78	~xMOVISTAR_05DEx~ 08:6a:0a:61:05:e1 -90	~xRODOLFOx~ 94:e8:c5:3c:2d:10 -88	~xx~ 24:a4:3c:4f:1c:00 -90	~xDIRECT-Dn[TV]familianavax~ 4a:44:f7:9b:28:31 -81	~xMOVISTAR_EB90x~ fc:5a:1d:25:eb:98 -90	~xARRIS-2522x~ a4:15:88:91:25:20 -91	~x martelx~ 60:19:71:a9:c5:80 -87	~xTP-LINK_9D7Cx~ 84:16:f9:ff:9d:7c -89	
~xARACELLI1x~ 90:48:9a:b0:cd:4b -45	~xWLAN_0310x~ f0:f2:49:30:03:18 -64	~xARRIS-5EB2x~ 98:6b:3d:bf:5e:b0 -72	~xWLAN_4673x~ d0:84:b0:fc:46:79 -79	~xWLAN_6DDBx~ e6:ed:c7:7e:33:29 -89	~xLucasx~ d4:7b:b0:85:1d:c4 -79	~xAASC1x~ e8:d1:1b:b7:f1:a9 -74	~xMOVISTAR_05DEx~ 08:6a:0a:61:05:e1 -90	~xDIRECT-Dn[TV]familianavax~ 4a:44:f7:9b:28:31 -83	~xMOVISTAR_EB90x~ fc:5a:1d:25:eb:98 -90	~xARRIS-2522x~ a4:15:88:91:25:20 -91	~x martelx~ 60:19:71:a9:c5:80 -87	~xTP-LINK_9D7Cx~ 84:16:f9:ff:9d:7c -89	~xx~ 24:a4:3c:4f:1b:fa -91	
~xARACELLI1x~ 90:48:9a:b0:cd:4b -45	~xWLAN_0310x~ f0:f2:49:30:03:18 -64	~xARRIS-5EB2x~ 98:6b:3d:bf:5e:b0 -72	~xWLAN_4673x~ d0:84:b0:fc:46:79 -79	~xWLAN_6DDBx~ e6:ed:c7:7e:33:29 -89	~xLucasx~ d4:7b:b0:85:1d:c4 -79	~xAASC1x~ e8:d1:1b:b7:f1:a9 -74	~xMOVISTAR_05DEx~ 08:6a:0a:61:05:e1 -90	~xDIRECT-Dn[TV]familianavax~ 4a:44:f7:9b:28:31 -83	~xMOVISTAR_EB90x~ fc:5a:1d:25:eb:98 -90	~xARRIS-2522x~ a4:15:88:91:25:20 -91	~x martelx~ 60:19:71:a9:c5:80 -87	~xTP-LINK_9D7Cx~ 84:16:f9:ff:9d:7c -89	~xx~ 24:a4:3c:4f:1b:fa -91	
~xARACELLI1x~ 90:48:9a:b0:cd:4b -48	~xWLAN_0310x~ f0:f2:49:30:03:18 -53	~xARRIS-5EB2x~ 98:6b:3d:bf:5e:b0 -76	~xWLAN_4673x~ d0:84:b0:fc:46:79 -79	~xWLAN_6DDBx~ e6:ed:c7:7e:33:29 -90	~xLucasx~ d4:7b:b0:85:1d:c4 -85	~xAASC1x~ e8:d1:1b:b7:f1:a9 -73	~xDIRECT-Dn[TV]familianavax~ 4a:44:f7:9b:28:31 -83	~xMOVISTAR_EB90x~ fc:5a:1d:25:eb:98 -90	~x martelx~ 60:19:71:a9:c5:80 -87	~xTP-LINK_9D7Cx~ 84:16:f9:ff:9d:7c -89	~xx~ 24:a4:3c:4f:1b:fa -91	
~xARACELLI1x~ 90:48:9a:b0:cd:4b -48	~xWLAN_0310x~ f0:f2:49:30:03:18 -53	~xARRIS-5EB2x~ 98:6b:3d:bf:5e:b0 -76	~xWLAN_4673x~ d0:84:b0:fc:46:79 -79	~xWLAN_6DDBx~ e6:ed:c7:7e:33:29 -90	~xLucasx~ d4:7b:b0:85:1d:c4 -85	~xAASC1x~ e8:d1:1b:b7:f1:a9 -73	~xDIRECT-Dn[TV]familianavax~ 4a:44:f7:9b:28:31 -83	~xMOVISTAR_EB90x~ fc:5a:1d:25:eb:98 -90	~x martelx~ 60:19:71:a9:c5:80 -87	~xTP-LINK_9D7Cx~ 84:16:f9:ff:9d:7c -89	~xx~ 24:a4:3c:4f:1b:fa -91	
~xARACELLI1x~ 90:48:9a:b0:cd:4b -52	~xWLAN_0310x~ f0:f2:49:30:03:18 -57	~xARRIS-5EB2x~ 98:6b:3d:bf:5e:b0 -83	~xWLAN_4673x~ d0:84:b0:fc:46:79 -86	~xWLAN_6DDBx~ e6:ed:c7:7e:33:29 -81	~xLucasx~ d4:7b:b0:85:1d:c4 -86	~xAASC1x~ e8:d1:1b:b7:f1:a9 -80	~xDIRECT-Dn[TV]familianavax~ 4a:44:f7:9b:28:31 -84	~x martelx~ 60:19:71:a9:c5:80 -88	~xTP-LINK_9D7Cx~ 84:16:f9:ff:9d:7c -89	~xx~ 24:a4:3c:4f:1b:fa -91	~xARRIS-2522x~ a4:15:88:91:25:20 -90	~xMOVISTAR_05DEx~ 08:6a:0a:61:05:e1 -91	
~xARACELLI1x~ 90:48:9a:b0:cd:4b -52	~xWLAN_0310x~ f0:f2:49:30:03:18 -57	~xARRIS-5EB2x~ 98:6b:3d:bf:5e:b0 -83	~xWLAN_4673x~ d0:84:b0:fc:46:79 -86	~xWLAN_6DDBx~ e6:ed:c7:7e:33:29 -81	~xLucasx~ d4:7b:b0:85:1d:c4 -86	~xAASC1x~ e8:d1:1b:b7:f1:a9 -80	~xDIRECT-Dn[TV]familianavax~ 4a:44:f7:9b:28:31 -84	~x martelx~ 60:19:71:a9:c5:80 -88	~xTP-LINK_9D7Cx~ 84:16:f9:ff:9d:7c -89	~xx~ 24:a4:3c:4f:1b:fa -91	~xARRIS-2522x~ a4:15:88:91:25:20 -90	~xMOVISTAR_05DEx~ 08:6a:0a:61:05:e1 -91	
~xARACELLI1x~ 90:48:9a:b0:cd:4b -48	~xWLAN_0310x~ f0:f2:49:30:03:18 -57	~xARRIS-5EB2x~ 98:6b:3d:bf:5e:b0 -78	~xWLAN_4673x~ d0:84:b0:fc:46:79 -79	~xWLAN_6DDBx~ e6:ed:c7:7e:33:29 -89	~xLucasx~ d4:7b:b0:85:1d:c4 -85	~xAASC1x~ e8:d1:1b:b7:f1:a9 -84	~xDIRECT-Dn[TV]familianavax~ 4a:44:f7:9b:28:31 -84	~x martelx~ 60:19:71:a9:c5:80 -88	~xx~ 24:a4:3c:4f:1b:fa -91	~xARRIS-2522x~ a4:15:88:91:25:20 -90	~xMOVISTAR_05DEx~ 08:6a:0a:61:05:e1 -91	
~xARACELLI1x~ 90:48:9a:b0:cd:4b -48	~xWLAN_0310x~ f0:f2:49:30:03:18 -57	~xARRIS-5EB2x~ 98:6b:3d:bf:5e:b0 -78	~xWLAN_4673x~ d0:84:b0:fc:46:79 -79	~xWLAN_6DDBx~ e6:ed:c7:7e:33:29 -89	~xLucasx~ d4:7b:b0:85:1d:c4 -85	~xAASC1x~ e8:d1:1b:b7:f1:a9 -84	~xDIRECT-Dn[TV]familianavax~ 4a:44:f7:9b:28:31 -84	~x martelx~ 60:19:71:a9:c5:80 -88	~xx~ 24:a4:3c:4f:1b:fa -91	~xARRIS-2522x~ a4:15:88:91:25:20 -90	~xMOVISTAR_05DEx~ 08:6a:0a:61:05:e1 -91	
~xARACELLI1x~ 90:48:9a:b0:cd:4b -48	~xWLAN_0310x~ f0:f2:49:30:03:18 -57	~xARRIS-5EB2x~ 98:6b:3d:bf:5e:b0 -78	~xWLAN_4673x~ d0:84:b0:fc:46:79 -79	~xWLAN_6DDBx~ e6:ed:c7:7e:33:29 -89	~xLucasx~ d4:7b:b0:85:1d:c4 -85	~xAASC1x~ e8:d1:1b:b7:f1:a9 -84	~xDIRECT-Dn[TV]familianavax~ 4a:44:f7:9b:28:31 -84	~x martelx~ 60:19:71:a9:c5:80 -88	~xx~ 24:a4:3c:4f:1b:fa -91	~xARRIS-2522x~ a4:15:88:91:25:20 -90	~xMOVISTAR_05DEx~ 08:6a:0a:61:05:e1 -91	
~xARACELLI1x~ 90:48:9a:b0:cd:4b -48	~xWLAN_0310x~ f0:f2:49:30:03:18 -55	~xARRIS-5EB2x~ 98:6b:3d:bf:5e:b0 -73	~xWLAN_4673x~ d0:84:b0:fc:46:79 -76	~xWLAN_6DDBx~ e6:ed:c7:7e:33:29 -87	~xLucasx~ d4:7b:b0:85:1d:c4 -85	~xAASC1x~ e8:d1:1b:b7:f1:a9 -78	~xDIRECT-Dn[TV]familianavax~ 4a:44:f7:9b:28:31 -80	~x martelx~ 60:19:71:a9:c5:80 -88	~xx~ 24:a4:3c:4f:1b:fa -87	~xARRIS-2522x~ a4:15:88:91:25:20 -90	~xMOVISTAR_05DEx~ 08:6a:0a:61:05:e1 -91	
~xARACELLI1x~ 90:48:9a:b0:cd:4b -48	~xWLAN_0310x~ f0:f2:49:30:03:18 -55	~xARRIS-5EB2x~ 98:6b:3d:bf:5e:b0 -73	~xWLAN_4673x~ d0:84:b0:fc:46:79 -76	~xWLAN_6DDBx~ e6:ed:c7:7e:33:29 -87	~xLucasx~ d4:7b:b0:85:1d:c4 -85	~xAASC1x~ e8:d1:1b:b7:f1:a9 -78	~xDIRECT-Dn[TV]familianavax~ 4a:44:f7:9b:28:31 -80	~x martelx~ 60:19:71:a9:c5:80 -88	~xx~ 24:a4:3c:4f:1b:fa -87	~xARRIS-2522x~ a4:15:88:91:25:20 -90	~xMOVISTAR_05DEx~ 08:6a:0a:61:05:e1 -91	
~xARACELLI1x~ 90:48:9a:b0:cd:4b -51	~xWLAN_0310x~ f0:f2:49:30:03:18 -45	~xARRIS-5EB2x~ 98:6b:3d:bf:5e:b0 -80	~xWLAN_4673x~ d0:84:b0:fc:46:79 -78	~xWLAN_6DDBx~ e6:ed:c7:7e:33:29 -89	~xLucasx~ d4:7b:b0:85:1d:c4 -85	~xAASC1x~ e8:d1:1b:b7:f1:a9 -88	~xDIRECT-Dn[TV]familianavax~ 4a:44:f7:9b:28:31 -80	~x martelx~ 60:19:71:a9:c5:80 -88	~xx~ 24:a4:3c:4f:1b:fa -87	~xARRIS-2522x~ a4:15:88:91:25:20 -90	~xMOVISTAR_05DEx~ 08:6a:0a:61:05:e1 -90	~xRODOLFOx~ 94:e8:c5:3c:2d:10 -90	
~xARACELLI1x~ 90:48:9a:b0:cd:4b -51	~xWLAN_0310x~ f0:f2:49:30:03:18 -45	~xARRIS-5EB2x~ 98:6b:3d:bf:5e:b0 -80	~xWLAN_4673x~ d0:84:b0:fc:46:79 -78	~xWLAN_6DDBx~ e6:ed:c7:7e:33:29 -89	~xLucasx~ d4:7b:b0:85:1d:c4 -85	~xAASC1x~ e8:d1:1b:b7:f1:a9 -88	~xDIRECT-Dn[TV]familianavax~ 4a:44:f7:9b:28:31 -80	~x martelx~ 60:19:71:a9:c5:80 -88	~xx~ 24:a4:3c:4f:1b:fa -87	~xARRIS-2522x~ a4:15:88:91:25:20 -90	~xMOVISTAR_05DEx~ 08:6a:0a:61:05:e1 -90	~xRODOLFOx~ 94:e8:c5:3c:2d:10 -90	
~xARACELLI1x~ 90:48:9a:b0:cd:4b -52	~xWLAN_0310x~ f0:f2:49:30:03:18 -56	~xARRIS-5EB2x~ 98:6b:3d:bf:5e:b0 -75	~xWLAN_4673x~ d0:84:b0:fc:46:79 -91	~xWLAN_6DDBx~ e6:ed:c7:7e:33:29 -84	~xLucasx~ d4:7b:b0:85:1d:c4 -85	~xAASC1x~ e8:d1:1b:b7:f1:a9 -80	~xDIRECT-Dn[TV]familianavax~ 4a:44:f7:9b:28:31 -86	~x martelx~ 60:19:71:a9:c5:80 -89	~xx~ 24:a4:3c:4f:1b:fa -88	~xARRIS-2522x~ a4:15:88:91:25:20 -90	~xMOVISTAR_05DEx~ 08:6a:0a:61:05:e1 -90	~xRODOLFOx~ 94:e8:c5:3c:2d:10 -90	~xTP-LINK_9D7Cx~ 84:16:f9:ff:9d:7c -88	
~xARACELLI1x~ 90:48:9a:b0:cd:4b -52	~xWLAN_0310x~ f0:f2:49:30:03:18 -56	~xARRIS-5EB2x~ 98:6b:3d:bf:5e:b0 -75	~xWLAN_4673x~ d0:84:b0:fc:46:79 -91	~xWLAN_6DDBx~ e6:ed:c7:7e:33:29 -84	~xLucasx~ d4:7b:b0:85:1d:c4 -85	~xAASC1x~ e8:d1:1b:b7:f1:a9 -80	~xDIRECT-Dn[TV]familianavax~ 4a:44:f7:9b:28:31 -86	~x martelx~ 60:19:71:a9:c5:80 -89	~xx~ 24:a4:3c:4f:1b:fa -88	~xARRIS-2522x~ a4:15:88:91:25:20 -90	~xMOVISTAR_05DEx~ 08:6a:0a:61:05:e1 -90	~xRODOLFOx~ 94:e8:c5:3c:2d:10 -90	~xTP-LINK_9D7Cx~ 84:16:f9:ff:9d:7c -88	
~xARACELLI1x~ 90:48:9a:b0:cd:4b -52	~xWLAN_0310x~ f0:f2:49:30:03:18 -56	~xARRIS-5EB2x~ 98:6b:3d:bf:5e:b0 -75	~xWLAN_4673x~ d0:84:b0:fc:46:79 -91	~xWLAN_6DDBx~ e6:ed:c7:7e:33:29 -84	~xLucasx~ d4:7b:b0:85:1d:c4 -85	~xAASC1x~ e8:d1:1b:b7:f1:a9 -80	~xDIRECT-Dn[TV]familianavax~ 4a:44:f7:9b:28:31 -86	~x martelx~ 60:19:71:a9:c5:80 -89	~xx~ 24:a4:3c:4f:1b:fa -88	~xARRIS-2522x~ a4:15:88:91:25:20 -90	~xMOVISTAR_05DEx~ 08:6a:0a:61:05:e1 -90	~xRODOLFOx~ 94:e8:c5:3c:2d:10 -90	~xTP-LINK_9D7Cx~ 84:16:f9:ff:9d:7c -88	
~xARACELLI1x~ 90:48:9a:b0:cd:4b -51	~xWLAN_0310x~ f0:f2:49:30:03:18 -58	~xARRIS-5EB2x~ 98:6b:3d:bf:5e:b0 -80	~xWLAN_4673x~ d0:84:b0:fc:46:79 -85	~xWLAN_6DDBx~ e6:ed:c7:7e:33:29 -81	~xLucasx~ d4:7b:b0:85:1d:c4 -83	~xAASC1x~ e8:d1:1b:b7:f1:a9 -85	~xDIRECT-Dn[TV]familianavax~ 4a:44:f7:9b:28:31 -86	~x martelx~ 60:19:71:a9:c5:80 -89	~xx~ 24:a4:3c:4f:1b:fa -88	~xMOVISTAR_05DEx~ 08:6a:0a:61:05:e1 -90	~xRODOLFOx~ 94:e8:c5:3c:2d:10 -81	~xTP-LINK_9D7Cx~ 84:16:f9:ff:9d:7c -88	~xMOVISTAR_EB90x~ fc:5a:1d:25:eb:98 -86	
~xARACELLI1x~ 90:48:9a:b0:cd:4b -51	~xWLAN_0310x~ f0:f2:49:30:03:18 -58	~xARRIS-5EB2x~ 98:6b:3d:bf:5e:b0 -80	~xWLAN_4673x~ d0:84:b0:fc:46:79 -85	~xWLAN_6DDBx~ e6:ed:c7:7e:33:29 -81	~xLucasx~ d4:7b:b0:85:1d:c4 -83	~xAASC1x~ e8:d1:1b:b7:f1:a9 -85	~xDIRECT-Dn[TV]familianavax~ 4a:44:f7:9b:28:31 -86	~x martelx~ 60:19:71:a9:c5:80 -89	~xx~ 24:a4:3c:4f:1b:fa -88	~xMOVISTAR_05DEx~ 08:6a:0a:61:05:e1 -90	~xRODOLFOx~ 94:e8:c5:3c:2d:10 -81	~xTP-LINK_9D7Cx~ 84:16:f9:ff:9d:7c -88	~xMOVISTAR_EB90x~ fc:5a:1d:25:eb:98 -86	
~xARACELLI1x~ 90:48:9a:b0:cd:4b -51	~xWLAN_0310x~ f0:f2:49:30:03:18 -58	~xARRIS-5EB2x~ 98:6b:3d:bf:5e:b0 -80	~xWLAN_4673x~ d0:84:b0:fc:46:79 -85	~xWLAN_6DDBx~ e6:ed:c7:7e:33:29 -81	~xLucasx~ d4:7b:b0:85:1d:c4 -83	~xAASC1x~ e8:d1:1b:b7:f1:a9 -85	~xDIRECT-Dn[TV]familianavax~ 4a:44:f7:9b:28:31 -86	~x martelx~ 60:19:71:a9:c5:80 -89	~xx~ 24:a4:3c:4f:1b:fa -88	~xMOVISTAR_05DEx~ 08:6a:0a:61:05:e1 -90	~xRODOLFOx~ 94:e8:c5:3c:2d:10 -81	~xTP-LINK_9D7Cx~ 84:16:f9:ff:9d:7c -88	~xMOVISTAR_EB90x~ fc:5a:1d:25:eb:98 -86	
~xARACELLI1x~ 90:48:9a:b0:cd:4b -44	~xWLAN_0310x~ f0:f2:49:30:03:18 -71	~xARRIS-5EB2x~ 98:6b:3d:bf:5e:b0 -77	~xWLAN_4673x~ d0:84:b0:fc:46:79 -78	~xWLAN_6DDBx~ e6:ed:c7:7e:33:29 -81	~xLucasx~ d4:7b:b0:85:1d:c4 -80	~xAASC1x~ e8:d1:1b:b7:f1:a9 -87	~xDIRECT-Dn[TV]familianavax~ 4a:44:f7:9b:28:31 -86	~x martelx~ 60:19:71:a9:c5:80 -89	~xx~ 24:a4:3c:4f:1b:fa -88	~xMOVISTAR_05DEx~ 08:6a:0a:61:05:e1 -90	~xRODOLFOx~ 94:e8:c5:3c:2d:10 -81	~xTP-LINK_9D7Cx~ 84:16:f9:ff:9d:7c -88	~xMOVISTAR_EB90x~ fc:5a:1d:25:eb:98 -86	
~xARACELLI1x~ 90:48:9a:b0:cd:4b -44	~xWLAN_0310x~ f0:f2:49:30:03:18 -71	~xARRIS-5EB2x~ 98:6b:3d:bf:5e:b0 -77	~xWLAN_4673x~ d0:84:b0:fc:46:79 -78	~xWLAN_6DDBx~ e6:ed:c7:7e:33:29 -81	~xLucasx~ d4:7b:b0:85:1d:c4 -80	~xAASC1x~ e8:d1:1b:b7:f1:a9 -87	~xDIRECT-Dn[TV]familianavax~ 4a:44:f7:9b:28:31 -86	~x martelx~ 60:19:71:a9:c5:80 -89	~xx~ 24:a4:3c:4f:1b:fa -88	~xMOVISTAR_05DEx~ 08:6a:0a:61:05:e1 -90	~xRODOLFOx~ 94:e8:c5:3c:2d:10 -81	~xTP-LINK_9D7Cx~ 84:16:f9:ff:9d:7c -88	~xMOVISTAR_EB90x~ fc:5a:1d:25:eb:98 -86	
~xARACELLI1x~ 90:48:9a:b0:cd:4b -44	~xWLAN_0310x~ f0:f2:49:30:03:18 -71	~xARRIS-5EB2x~ 98:6b:3d:bf:5e:b0 -77	~xWLAN_4673x~ d0:84:b0:fc:46:79 -78	~xWLAN_6DDBx~ e6:ed:c7:7e:33:29 -81	~xLucasx~ d4:7b:b0:85:1d:c4 -80	~xAASC1x~ e8:d1:1b:b7:f1:a9 -87	~xDIRECT-Dn[TV]familianavax~ 4a:44:f7:9b:28:31 -86	~x martelx~ 60:19:71:a9:c5:80 -89	~xx~ 24:a4:3c:4f:1b:fa -88	~xMOVISTAR_05DEx~ 08:6a:0a:61:05:e1 -90	~xRODOLFOx~ 94:e8:c5:3c:2d:10 -81	~xTP-LINK_9D7Cx~ 84:16:f9:ff:9d:7c -88	~xMOVISTAR_EB90x~ fc:5a:1d:25:eb:98 -86	
~xARACELLI1x~ 90:48:9a:b0:cd:4b -51	~xWLAN_0310x~ f0:f2:49:30:03:18 -59	~xARRIS-5EB2x~ 98:6b:3d:bf:5e:b0 -70	~xWLAN_4673x~ d0:84:b0:fc:46:79 -69	~xWLAN_6DDBx~ e6:ed:c7:7e:33:29 -81	~xLucasx~ d4:7b:b0:85:1d:c4 -75	~xAASC1x~ e8:d1:1b:b7:f1:a9 -79	~xDIRECT-Dn[TV]familianavax~ 4a:44:f7:9b:28:31 -86	~x martelx~ 60:19:71:a9:c5:80 -89	~xx~ 24:a4:3c:4f:1b:fa -88	~xMOVISTAR_05DEx~ 08:6a:0a:61:05:e1 -91	~xRODOLFOx~ 94:e8:c5:3c:2d:10 -81	~xTP-LINK_9D7Cx~ 84:16:f9:ff:9d:7c -88	~xMOVISTAR_EB90x~ fc:5a:1d:25:eb:98 -86	
~xARACELLI1x~ 90:48:9a:b0:cd:4b -51	~xWLAN_0310x~ f0:f2:49:30:03:18 -59	~xARRIS-5EB2x~ 98:6b:3d:bf:5e:b0 -70	~xWLAN_4673x~ d0:84:b0:fc:46:79 -69	~xWLAN_6DDBx~ e6:ed:c7:7e:33:29 -81	~xLucasx~ d4:7b:b0:85:1d:c4 -75	~xAASC1x~ e8:d1:1b:b7:f1:a9 -79	~xDIRECT-Dn[TV]familianavax~ 4a:44:f7:9b:28:31 -86	~x martelx~ 60:19:71:a9:c5:80 -89	~xx~ 24:a4:3c:4f:1b:fa -88	~xMOVISTAR_05DEx~ 08:6a:0a:61:05:e1 -91	~xRODOLFOx~ 94:e8:c5:3c:2d:10 -81	~xTP-LINK_9D7Cx~ 84:16:f9:ff:9d:7c -88	~xMOVISTAR_EB90x~ fc:5a:1d:25:eb:98 -86	
~xARACELLI1x~ 90:48:9a:b0:cd:4b -51	~xWLAN_0310x~ f0:f2:49:30:03:18 -59	~xARRIS-5EB2x~ 98:6b:3d:bf:5e:b0 -70	~xWLAN_4673x~ d0:84:b0:fc:46:79 -69	~xWLAN_6DDBx~ e6:ed:c7:7e:33:29 -81	~xLucasx~ d4:7b:b0:85:1d:c4 -75	~xAASC1x~ e8:d1:1b:b7:f1:a9 -79	~xDIRECT-Dn[TV]familianavax~ 4a:44:f7:9b:28:31 -86	~x martelx~ 60:19:71:a9:c5:80 -89	~xx~ 24:a4:3c:4f:1b:fa -88	~xMOVISTAR_05DEx~ 08:6a:0a:61:05:e1 -91	~xRODOLFOx~ 94:e8:c5:3c:2d:10 -81	~xTP-LINK_9D7Cx~ 84:16:f9:ff:9d:7c -88	~xMOVISTAR_EB90x~ fc:5a:1d:25:eb:98 -86	
~xARACELLI1x~ 90:48:9a:b0:cd:4b -46	~xWLAN_0310x~ f0:f2:49:30:03:18 -57	~xARRIS-5EB2x~ 98:6b:3d:bf:5e:b0 -78	~xWLAN_4673x~ d0:84:b0:fc:46:79 -75	~xWLAN_6DDBx~ e6:ed:c7:7e:33:29 -81	~xLucasx~ d4:7b:b0:85:1d:c4 -85	~xAASC1x~ e8:d1:1b:b7:f1:a9 -82	~xDIRECT-Dn[TV]familianavax~ 4a:44:f7:9b:28:31 -75	~xx~ 24:a4:3c:4f:1b:fa -86	~xMOVISTAR_05DEx~ 08:6a:0a:61:05:e1 -91	~xRODOLFOx~ 94:e8:c5:3c:2d:10 -81	~xMOVISTAR_EB90x~ fc:5a:1d:25:eb:98 -86	
~xARACELLI1x~ 90:48:9a:b0:cd:4b -46	~xWLAN_0310x~ f0:f2:49:30:03:18 -57	~xARRIS-5EB2x~ 98:6b:3d:bf:5e:b0 -78	~xWLAN_4673x~ d0:84:b0:fc:46:79 -75	~xWLAN_6DDBx~ e6:ed:c7:7e:33:29 -81	~xLucasx~ d4:7b:b0:85:1d:c4 -85	~xAASC1x~ e8:d1:1b:b7:f1:a9 -82	~xDIRECT-Dn[TV]familianavax~ 4a:44:f7:9b:28:31 -75	~xx~ 24:a4:3c:4f:1b:fa -86	~xMOVISTAR_05DEx~ 08:6a:0a:61:05:e1 -91	~xRODOLFOx~ 94:e8:c5:3c:2d:10 -81	~xMOVISTAR_EB90x~ fc:5a:1d:25:eb:98 -86	
~xARACELLI1x~ 90:48:9a:b0:cd:4b -46	~xWLAN_0310x~ f0:f2:49:30:03:18 -57	~xARRIS-5EB2x~ 98:6b:3d:bf:5e:b0 -78	~xWLAN_4673x~ d0:84:b0:fc:46:79 -75	~xWLAN_6DDBx~ e6:ed:c7:7e:33:29 -81	~xLucasx~ d4:7b:b0:85:1d:c4 -85	~xAASC1x~ e8:d1:1b:b7:f1:a9 -82	~xDIRECT-Dn[TV]familianavax~ 4a:44:f7:9b:28:31 -75	~xx~ 24:a4:3c:4f:1b:fa -86	~xMOVISTAR_05DEx~ 08:6a:0a:61:05:e1 -91	~xRODOLFOx~ 94:e8:c5:3c:2d:10 -81	~xMOVISTAR_EB90x~ fc:5a:1d:25:eb:98 -86	
~xARACELLI1x~ 90:48:9a:b0:cd:4b -51	~xWLAN_0310x~ f0:f2:49:30:03:18 -48	~xARRIS-5EB2x~ 98:6b:3d:bf:5e:b0 -77	~xWLAN_4673x~ d0:84:b0:fc:46:79 -80	~xWLAN_6DDBx~ e6:ed:c7:7e:33:29 -89	~xLucasx~ d4:7b:b0:85:1d:c4 -90	~xAASC1x~ e8:d1:1b:b7:f1:a9 -78	~xDIRECT-Dn[TV]familianavax~ 4a:44:f7:9b:28:31 -80	~xx~ 24:a4:3c:4f:1b:fa -89	~xMOVISTAR_05DEx~ 08:6a:0a:61:05:e1 -91	~xRODOLFOx~ 94:e8:c5:3c:2d:10 -88	
~xARACELLI1x~ 90:48:9a:b0:cd:4b -51	~xWLAN_0310x~ f0:f2:49:30:03:18 -48	~xARRIS-5EB2x~ 98:6b:3d:bf:5e:b0 -77	~xWLAN_4673x~ d0:84:b0:fc:46:79 -80	~xWLAN_6DDBx~ e6:ed:c7:7e:33:29 -89	~xLucasx~ d4:7b:b0:85:1d:c4 -90	~xAASC1x~ e8:d1:1b:b7:f1:a9 -78	~xDIRECT-Dn[TV]familianavax~ 4a:44:f7:9b:28:31 -80	~xx~ 24:a4:3c:4f:1b:fa -89	~xMOVISTAR_05DEx~ 08:6a:0a:61:05:e1 -91	~xRODOLFOx~ 94:e8:c5:3c:2d:10 -88	
~xARACELLI1x~ 90:48:9a:b0:cd:4b -51	~xWLAN_0310x~ f0:f2:49:30:03:18 -48	~xARRIS-5EB2x~ 98:6b:3d:bf:5e:b0 -77	~xWLAN_4673x~ d0:84:b0:fc:46:79 -80	~xWLAN_6DDBx~ e6:ed:c7:7e:33:29 -89	~xLucasx~ d4:7b:b0:85:1d:c4 -90	~xAASC1x~ e8:d1:1b:b7:f1:a9 -78	~xDIRECT-Dn[TV]familianavax~ 4a:44:f7:9b:28:31 -80	~xx~ 24:a4:3c:4f:1b:fa -89	~xMOVISTAR_05DEx~ 08:6a:0a:61:05:e1 -91	~xRODOLFOx~ 94:e8:c5:3c:2d:10 -88	
~xARACELLI1x~ 90:48:9a:b0:cd:4b -48	~xWLAN_0310x~ f0:f2:49:30:03:18 -49	~xARRIS-5EB2x~ 98:6b:3d:bf:5e:b0 -76	~xWLAN_4673x~ d0:84:b0:fc:46:79 -91	~xWLAN_6DDBx~ e6:ed:c7:7e:33:29 -83	~xLucasx~ d4:7b:b0:85:1d:c4 -88	~xAASC1x~ e8:d1:1b:b7:f1:a9 -85	~xDIRECT-Dn[TV]familianavax~ 4a:44:f7:9b:28:31 -84	~xx~ 24:a4:3c:4f:1b:fa -85	~xMOVISTAR_05DEx~ 08:6a:0a:61:05:e1 -90	~xRODOLFOx~ 94:e8:c5:3c:2d:10 -88	~x martelx~ 60:19:71:a9:c5:80 -89	~xMOVISTAR_63F5x~ 1c:b0:44:2d:63:f8 -93	
~xARACELLI1x~ 90:48:9a:b0:cd:4b -48	~xWLAN_0310x~ f0:f2:49:30:03:18 -49	~xARRIS-5EB2x~ 98:6b:3d:bf:5e:b0 -76	~xWLAN_4673x~ d0:84:b0:fc:46:79 -91	~xWLAN_6DDBx~ e6:ed:c7:7e:33:29 -83	~xLucasx~ d4:7b:b0:85:1d:c4 -88	~xAASC1x~ e8:d1:1b:b7:f1:a9 -85	~xDIRECT-Dn[TV]familianavax~ 4a:44:f7:9b:28:31 -84	~xx~ 24:a4:3c:4f:1b:fa -85	~xMOVISTAR_05DEx~ 08:6a:0a:61:05:e1 -90	~xRODOLFOx~ 94:e8:c5:3c:2d:10 -88	~x martelx~ 60:19:71:a9:c5:80 -89	~xMOVISTAR_63F5x~ 1c:b0:44:2d:63:f8 -93	
~xARACELLI1x~ 90:48:9a:b0:cd:4b -48	~xWLAN_0310x~ f0:f2:49:30:03:18 -49	~xARRIS-5EB2x~ 98:6b:3d:bf:5e:b0 -76	~xWLAN_4673x~ d0:84:b0:fc:46:79 -91	~xWLAN_6DDBx~ e6:ed:c7:7e:33:29 -83	~xLucasx~ d4:7b:b0:85:1d:c4 -88	~xAASC1x~ e8:d1:1b:b7:f1:a9 -85	~xDIRECT-Dn[TV]familianavax~ 4a:44:f7:9b:28:31 -84	~xx~ 24:a4:3c:4f:1b:fa -85	~xMOVISTAR_05DEx~ 08:6a:0a:61:05:e1 -90	~xRODOLFOx~ 94:e8:c5:3c:2d:10 -88	~x martelx~ 60:19:71:a9:c5:80 -89	~xMOVISTAR_63F5x~ 1c:b0:44:2d:63:f8 -93	
~xARACELLI1x~ 90:48:9a:b0:cd:4b -49	~xWLAN_0310x~ f0:f2:49:30:03:18 -59	~xARRIS-5EB2x~ 98:6b:3d:bf:5e:b0 -77	~xWLAN_4673x~ d0:84:b0:fc:46:79 -79	~xWLAN_6DDBx~ e6:ed:c7:7e:33:29 -90	~xLucasx~ d4:7b:b0:85:1d:c4 -88	~xAASC1x~ e8:d1:1b:b7:f1:a9 -83	~xDIRECT-Dn[TV]familianavax~ 4a:44:f7:9b:28:31 -72	~xx~ 24:a4:3c:4f:1b:fa -85	~xMOVISTAR_05DEx~ 08:6a:0a:61:05:e1 -90	~xRODOLFOx~ 94:e8:c5:3c:2d:10 -88	~x martelx~ 60:19:71:a9:c5:80 -89	~xMOVISTAR_63F5x~ 1c:b0:44:2d:63:f8 -93	
~xARACELLI1x~ 90:48:9a:b0:cd:4b -49	~xWLAN_0310x~ f0:f2:49:30:03:18 -59	~xARRIS-5EB2x~ 98:6b:3d:bf:5e:b0 -77	~xWLAN_4673x~ d0:84:b0:fc:46:79 -79	~xWLAN_6DDBx~ e6:ed:c7:7e:33:29 -90	~xLucasx~ d4:7b:b0:85:1d:c4 -88	~xAASC1x~ e8:d1:1b:b7:f1:a9 -83	~xDIRECT-Dn[TV]familianavax~ 4a:44:f7:9b:28:31 -72	~xx~ 24:a4:3c:4f:1b:fa -85	~xMOVISTAR_05DEx~ 08:6a:0a:61:05:e1 -90	~xRODOLFOx~ 94:e8:c5:3c:2d:10 -88	~x martelx~ 60:19:71:a9:c5:80 -89	~xMOVISTAR_63F5x~ 1c:b0:44:2d:63:f8 -93	
~xARACELLI1x~ 90:48:9a:b0:cd:4b -49	~xWLAN_0310x~ f0:f2:49:30:03:18 -59	~xARRIS-5EB2x~ 98:6b:3d:bf:5e:b0 -77	~xWLAN_4673x~ d0:84:b0:fc:46:79 -79	~xWLAN_6DDBx~ e6:ed:c7:7e:33:29 -90	~xLucasx~ d4:7b:b0:85:1d:c4 -88	~xAASC1x~ e8:d1:1b:b7:f1:a9 -83	~xDIRECT-Dn[TV]familianavax~ 4a:44:f7:9b:28:31 -72	~xx~ 24:a4:3c:4f:1b:fa -85	~xMOVISTAR_05DEx~ 08:6a:0a:61:05:e1 -90	~xRODOLFOx~ 94:e8:c5:3c:2d:10 -88	~x martelx~ 60:19:71:a9:c5:80 -89	~xMOVISTAR_63F5x~ 1c:b0:44:2d:63:f8 -93	
~xARACELLI1x~ 90:48:9a:b0:cd:4b -45	~xWLAN_0310x~ f0:f2:49:30:03:18 -55	~xARRIS-5EB2x~ 98:6b:3d:bf:5e:b0 -72	~xWLAN_4673x~ d0:84:b0:fc:46:79 -78	~xWLAN_6DDBx~ e6:ed:c7:7e:33:29 -90	~xLucasx~ d4:7b:b0:85:1d:c4 -81	~xAASC1x~ e8:d1:1b:b7:f1:a9 -74	~xDIRECT-Dn[TV]familianavax~ 4a:44:f7:9b:28:31 -72	~xx~ 24:a4:3c:4f:1b:fa -85	~xMOVISTAR_05DEx~ 08:6a:0a:61:05:e1 -90	~xRODOLFOx~ 94:e8:c5:3c:2d:10 -88	~x martelx~ 60:19:71:a9:c5:80 -93	~xMOVISTAR_63F5x~ 1c:b0:44:2d:63:f8 -93	~xTP-LINK_9D7Cx~ 84:16:f9:ff:9d:7c -90	
~xARACELLI1x~ 90:48:9a:b0:cd:4b -45	~xWLAN_0310x~ f0:f2:49:30:03:18 -55	~xARRIS-5EB2x~ 98:6b:3d:bf:5e:b0 -72	~xWLAN_4673x~ d0:84:b0:fc:46:79 -78	~xWLAN_6DDBx~ e6:ed:c7:7e:33:29 -90	~xLucasx~ d4:7b:b0:85:1d:c4 -81	~xAASC1x~ e8:d1:1b:b7:f1:a9 -74	~xDIRECT-Dn[TV]familianavax~ 4a:44:f7:9b:28:31 -72	~xx~ 24:a4:3c:4f:1b:fa -85	~xMOVISTAR_05DEx~ 08:6a:0a:61:05:e1 -90	~xRODOLFOx~ 94:e8:c5:3c:2d:10 -88	~x martelx~ 60:19:71:a9:c5:80 -93	~xMOVISTAR_63F5x~ 1c:b0:44:2d:63:f8 -93	~xTP-LINK_9D7Cx~ 84:16:f9:ff:9d:7c -90	
~xARACELLI1x~ 90:48:9a:b0:cd:4b -43	~xWLAN_0310x~ f0:f2:49:30:03:18 -56	~xARRIS-5EB2x~ 98:6b:3d:bf:5e:b0 -70	~xWLAN_4673x~ d0:84:b0:fc:46:79 -76	~xWLAN_6DDBx~ e6:ed:c7:7e:33:29 -89	~xLucasx~ d4:7b:b0:85:1d:c4 -83	~xAASC1x~ e8:d1:1b:b7:f1:a9 -73	~xDIRECT-Dn[TV]familianavax~ 4a:44:f7:9b:28:31 -72	~xx~ 24:a4:3c:4f:1b:fa -85	~xMOVISTAR_05DEx~ 08:6a:0a:61:05:e1 -90	~xRODOLFOx~ 94:e8:c5:3c:2d:10 -88	~x martelx~ 60:19:71:a9:c5:80 -93	~xMOVISTAR_63F5x~ 1c:b0:44:2d:63:f8 -93	~xTP-LINK_9D7Cx~ 84:16:f9:ff:9d:7c -90	
~xARACELLI1x~ 90:48:9a:b0:cd:4b -43	~xWLAN_0310x~ f0:f2:49:30:03:18 -56	~xARRIS-5EB2x~ 98:6b:3d:bf:5e:b0 -70	~xWLAN_4673x~ d0:84:b0:fc:46:79 -76	~xWLAN_6DDBx~ e6:ed:c7:7e:33:29 -89	~xLucasx~ d4:7b:b0:85:1d:c4 -83	~xAASC1x~ e8:d1:1b:b7:f1:a9 -73	~xDIRECT-Dn[TV]familianavax~ 4a:44:f7:9b:28:31 -72	~xx~ 24:a4:3c:4f:1b:fa -85	~xMOVISTAR_05DEx~ 08:6a:0a:61:05:e1 -90	~xRODOLFOx~ 94:e8:c5:3c:2d:10 -88	~x martelx~ 60:19:71:a9:c5:80 -93	~xMOVISTAR_63F5x~ 1c:b0:44:2d:63:f8 -93	~xTP-LINK_9D7Cx~ 84:16:f9:ff:9d:7c -90	
~xARACELLI1x~ 90:48:9a:b0:cd:4b -43	~xWLAN_0310x~ f0:f2:49:30:03:18 -56	~xARRIS-5EB2x~ 98:6b:3d:bf:5e:b0 -70	~xWLAN_4673x~ d0:84:b0:fc:46:79 -76	~xWLAN_6DDBx~ e6:ed:c7:7e:33:29 -89	~xLucasx~ d4:7b:b0:85:1d:c4 -83	~xAASC1x~ e8:d1:1b:b7:f1:a9 -73	~xDIRECT-Dn[TV]familianavax~ 4a:44:f7:9b:28:31 -72	~xx~ 24:a4:3c:4f:1b:fa -85	~xMOVISTAR_05DEx~ 08:6a:0a:61:05:e1 -90	~xRODOLFOx~ 94:e8:c5:3c:2d:10 -88	~x martelx~ 60:19:71:a9:c5:80 -93	~xMOVISTAR_63F5x~ 1c:b0:44:2d:63:f8 -93	~xTP-LINK_9D7Cx~ 84:16:f9:ff:9d:7c -90	
~xARACELLI1x~ 90:48:9a:b0:cd:4b -44	~xWLAN_0310x~ f0:f2:49:30:03:18 -57	~xARRIS-5EB2x~ 98:6b:3d:bf:5e:b0 -72	~xWLAN_4673x~ d0:84:b0:fc:46:79 -83	~xWLAN_6DDBx~ e6:ed:c7:7e:33:29 -89	~xLucasx~ d4:7b:b0:85:1d:c4 -87	~xAASC1x~ e8:d1:1b:b7:f1:a9 -78	~xDIRECT-Dn[TV]familianavax~ 4a:44:f7:9b:28:31 -72	~xx~ 24:a4:3c:4f:1b:fa -85	~xMOVISTAR_05DEx~ 08:6a:0a:61:05:e1 -84	~x martelx~ 60:19:71:a9:c5:80 -93	~xMOVISTAR_63F5x~ 1c:b0:44:2d:63:f8 -93	~xTP-LINK_9D7Cx~ 84:16:f9:ff:9d:7c -90	~xHogar Ilimitado Entelx~ 54:09:55:db:1e:e2 -89	~xAngelitax~ 08:6a:0a:fd:19:6e -91	
~xARACELLI1x~ 90:48:9a:b0:cd:4b -44	~xWLAN_0310x~ f0:f2:49:30:03:18 -57	~xARRIS-5EB2x~ 98:6b:3d:bf:5e:b0 -72	~xWLAN_4673x~ d0:84:b0:fc:46:79 -83	~xWLAN_6DDBx~ e6:ed:c7:7e:33:29 -89	~xLucasx~ d4:7b:b0:85:1d:c4 -87	~xAASC1x~ e8:d1:1b:b7:f1:a9 -78	~xDIRECT-Dn[TV]familianavax~ 4a:44:f7:9b:28:31 -72	~xx~ 24:a4:3c:4f:1b:fa -85	~xMOVISTAR_05DEx~ 08:6a:0a:61:05:e1 -84	~x martelx~ 60:19:71:a9:c5:80 -93	~xMOVISTAR_63F5x~ 1c:b0:44:2d:63:f8 -93	~xTP-LINK_9D7Cx~ 84:16:f9:ff:9d:7c -90	~xHogar Ilimitado Entelx~ 54:09:55:db:1e:e2 -89	~xAngelitax~ 08:6a:0a:fd:19:6e -91	
~xARACELLI1x~ 90:48:9a:b0:cd:4b -44	~xWLAN_0310x~ f0:f2:49:30:03:18 -57	~xARRIS-5EB2x~ 98:6b:3d:bf:5e:b0 -72	~xWLAN_4673x~ d0:84:b0:fc:46:79 -83	~xWLAN_6DDBx~ e6:ed:c7:7e:33:29 -89	~xLucasx~ d4:7b:b0:85:1d:c4 -87	~xAASC1x~ e8:d1:1b:b7:f1:a9 -78	~xDIRECT-Dn[TV]familianavax~ 4a:44:f7:9b:28:31 -72	~xx~ 24:a4:3c:4f:1b:fa -85	~xMOVISTAR_05DEx~ 08:6a:0a:61:05:e1 -84	~x martelx~ 60:19:71:a9:c5:80 -93	~xMOVISTAR_63F5x~ 1c:b0:44:2d:63:f8 -93	~xTP-LINK_9D7Cx~ 84:16:f9:ff:9d:7c -90	~xHogar Ilimitado Entelx~ 54:09:55:db:1e:e2 -89	~xAngelitax~ 08:6a:0a:fd:19:6e -91	
~xARACELLI1x~ 90:48:9a:b0:cd:4b -50	~xWLAN_0310x~ f0:f2:49:30:03:18 -45	~xARRIS-5EB2x~ 98:6b:3d:bf:5e:b0 -78	~xWLAN_4673x~ d0:84:b0:fc:46:79 -75	~xWLAN_6DDBx~ e6:ed:c7:7e:33:29 -86	~xLucasx~ d4:7b:b0:85:1d:c4 -87	~xAASC1x~ e8:d1:1b:b7:f1:a9 -88	~xDIRECT-Dn[TV]familianavax~ 4a:44:f7:9b:28:31 -72	~xMOVISTAR_05DEx~ 08:6a:0a:61:05:e1 -89	~x martelx~ 60:19:71:a9:c5:80 -93	~xTP-LINK_9D7Cx~ 84:16:f9:ff:9d:7c -90	~xHogar Ilimitado Entelx~ 54:09:55:db:1e:e2 -89	~xAngelitax~ 08:6a:0a:fd:19:6e -91	~xRODOLFOx~ 94:e8:c5:3c:2d:10 -88	~xREBECAx~ d4:7b:b0:83:ec:fc -91	
~xARACELLI1x~ 90:48:9a:b0:cd:4b -50	~xWLAN_0310x~ f0:f2:49:30:03:18 -45	~xARRIS-5EB2x~ 98:6b:3d:bf:5e:b0 -78	~xWLAN_4673x~ d0:84:b0:fc:46:79 -75	~xWLAN_6DDBx~ e6:ed:c7:7e:33:29 -86	~xLucasx~ d4:7b:b0:85:1d:c4 -87	~xAASC1x~ e8:d1:1b:b7:f1:a9 -88	~xDIRECT-Dn[TV]familianavax~ 4a:44:f7:9b:28:31 -72	~xMOVISTAR_05DEx~ 08:6a:0a:61:05:e1 -89	~x martelx~ 60:19:71:a9:c5:80 -93	~xTP-LINK_9D7Cx~ 84:16:f9:ff:9d:7c -90	~xHogar Ilimitado Entelx~ 54:09:55:db:1e:e2 -89	~xAngelitax~ 08:6a:0a:fd:19:6e -91	~xRODOLFOx~ 94:e8:c5:3c:2d:10 -88	~xREBECAx~ d4:7b:b0:83:ec:fc -91	
~xARACELLI1x~ 90:48:9a:b0:cd:4b -50	~xWLAN_0310x~ f0:f2:49:30:03:18 -45	~xARRIS-5EB2x~ 98:6b:3d:bf:5e:b0 -78	~xWLAN_4673x~ d0:84:b0:fc:46:79 -75	~xWLAN_6DDBx~ e6:ed:c7:7e:33:29 -86	~xLucasx~ d4:7b:b0:85:1d:c4 -87	~xAASC1x~ e8:d1:1b:b7:f1:a9 -88	~xDIRECT-Dn[TV]familianavax~ 4a:44:f7:9b:28:31 -72	~xMOVISTAR_05DEx~ 08:6a:0a:61:05:e1 -89	~x martelx~ 60:19:71:a9:c5:80 -93	~xTP-LINK_9D7Cx~ 84:16:f9:ff:9d:7c -90	~xHogar Ilimitado Entelx~ 54:09:55:db:1e:e2 -89	~xAngelitax~ 08:6a:0a:fd:19:6e -91	~xRODOLFOx~ 94:e8:c5:3c:2d:10 -88	~xREBECAx~ d4:7b:b0:83:ec:fc -91	
~xARACELLI1x~ 90:48:9a:b0:cd:4b -47	~xWLAN_0310x~ f0:f2:49:30:03:18 -60	~xARRIS-5EB2x~ 98:6b:3d:bf:5e:b0 -75	~xWLAN_4673x~ d0:84:b0:fc:46:79 -88	~xWLAN_6DDBx~ e6:ed:c7:7e:33:29 -86	~xLucasx~ d4:7b:b0:85:1d:c4 -83	~xAASC1x~ e8:d1:1b:b7:f1:a9 -84	~xDIRECT-Dn[TV]familianavax~ 4a:44:f7:9b:28:31 -72	~xMOVISTAR_05DEx~ 08:6a:0a:61:05:e1 -89	~x martelx~ 60:19:71:a9:c5:80 -91	~xTP-LINK_9D7Cx~ 84:16:f9:ff:9d:7c -90	~xHogar Ilimitado Entelx~ 54:09:55:db:1e:e2 -89	~xAngelitax~ 08:6a:0a:fd:19:6e -91	~xRODOLFOx~ 94:e8:c5:3c:2d:10 -88	~xREBECAx~ d4:7b:b0:83:ec:fc -91	~xx~ 24:a4:3c:4f:1b:fa -80	
~xARACELLI1x~ 90:48:9a:b0:cd:4b -47	~xWLAN_0310x~ f0:f2:49:30:03:18 -60	~xARRIS-5EB2x~ 98:6b:3d:bf:5e:b0 -75	~xWLAN_4673x~ d0:84:b0:fc:46:79 -88	~xWLAN_6DDBx~ e6:ed:c7:7e:33:29 -86	~xLucasx~ d4:7b:b0:85:1d:c4 -83	~xAASC1x~ e8:d1:1b:b7:f1:a9 -84	~xDIRECT-Dn[TV]familianavax~ 4a:44:f7:9b:28:31 -72	~xMOVISTAR_05DEx~ 08:6a:0a:61:05:e1 -89	~x martelx~ 60:19:71:a9:c5:80 -91	~xTP-LINK_9D7Cx~ 84:16:f9:ff:9d:7c -90	~xHogar Ilimitado Entelx~ 54:09:55:db:1e:e2 -89	~xAngelitax~ 08:6a:0a:fd:19:6e -91	~xRODOLFOx~ 94:e8:c5:3c:2d:10 -88	~xREBECAx~ d4:7b:b0:83:ec:fc -91	~xx~ 24:a4:3c:4f:1b:fa -80	
~xARACELLI1x~ 90:48:9a:b0:cd:4b -41	~xWLAN_0310x~ f0:f2:49:30:03:18 -56	~xARRIS-5EB2x~ 98:6b:3d:bf:5e:b0 -79	~xWLAN_4673x~ d0:84:b0:fc:46:79 -73	~xWLAN_6DDBx~ e6:ed:c7:7e:33:29 -86	~xLucasx~ d4:7b:b0:85:1d:c4 -81	~xAASC1x~ e8:d1:1b:b7:f1:a9 -80	~xDIRECT-Dn[TV]familianavax~ 4a:44:f7:9b:28:31 -84	~xMOVISTAR_05DEx~ 08:6a:0a:61:05:e1 -86	~x martelx~ 60:19:71:a9:c5:80 -90	~xTP-LINK_9D7Cx~ 84:16:f9:ff:9d:7c -90	~xHogar Ilimitado Entelx~ 54:09:55:db:1e:e2 -89	~xAngelitax~ 08:6a:0a:fd:19:6e -91	~xRODOLFOx~ 94:e8:c5:3c:2d:10 -88	~xREBECAx~ d4:7b:b0:83:ec:fc -91	~xx~ 24:a4:3c:4f:1b:fa -80	
~xARACELLI1x~ 90:48:9a:b0:cd:4b -41	~xWLAN_0310x~ f0:f2:49:30:03:18 -56	~xARRIS-5EB2x~ 98:6b:3d:bf:5e:b0 -79	~xWLAN_4673x~ d0:84:b0:fc:46:79 -73	~xWLAN_6DDBx~ e6:ed:c7:7e:33:29 -86	~xLucasx~ d4:7b:b0:85:1d:c4 -81	~xAASC1x~ e8:d1:1b:b7:f1:a9 -80	~xDIRECT-Dn[TV]familianavax~ 4a:44:f7:9b:28:31 -84	~xMOVISTAR_05DEx~ 08:6a:0a:61:05:e1 -86	~x martelx~ 60:19:71:a9:c5:80 -90	~xTP-LINK_9D7Cx~ 84:16:f9:ff:9d:7c -90	~xHogar Ilimitado Entelx~ 54:09:55:db:1e:e2 -89	~xAngelitax~ 08:6a:0a:fd:19:6e -91	~xRODOLFOx~ 94:e8:c5:3c:2d:10 -88	~xREBECAx~ d4:7b:b0:83:ec:fc -91	~xx~ 24:a4:3c:4f:1b:fa -80	
~xARACELLI1x~ 90:48:9a:b0:cd:4b -55	~xWLAN_0310x~ f0:f2:49:30:03:18 -53	~xARRIS-5EB2x~ 98:6b:3d:bf:5e:b0 -69	~xWLAN_4673x~ d0:84:b0:fc:46:79 -71	~xWLAN_6DDBx~ e6:ed:c7:7e:33:29 -86	~xLucasx~ d4:7b:b0:85:1d:c4 -82	~xAASC1x~ e8:d1:1b:b7:f1:a9 -74	~xDIRECT-Dn[TV]familianavax~ 4a:44:f7:9b:28:31 -78	~xMOVISTAR_05DEx~ 08:6a:0a:61:05:e1 -89	~x martelx~ 60:19:71:a9:c5:80 -90	~xTP-LINK_9D7Cx~ 84:16:f9:ff:9d:7c -91	~xHogar Ilimitado Entelx~ 54:09:55:db:1e:e2 -89	~xAngelitax~ 08:6a:0a:fd:19:6e -91	~xRODOLFOx~ 94:e8:c5:3c:2d:10 -89	~xREBECAx~ d4:7b:b0:83:ec:fc -91	~xx~ 24:a4:3c:4f:1b:fa -80	~xMOVISTAR_EB90x~ fc:5a:1d:25:eb:98 -91	
~xARACELLI1x~ 90:48:9a:b0:cd:4b -55	~xWLAN_0310x~ f0:f2:49:30:03:18 -53	~xARRIS-5EB2x~ 98:6b:3d:bf:5e:b0 -69	~xWLAN_4673x~ d0:84:b0:fc:46:79 -71	~xWLAN_6DDBx~ e6:ed:c7:7e:33:29 -86	~xLucasx~ d4:7b:b0:85:1d:c4 -82	~xAASC1x~ e8:d1:1b:b7:f1:a9 -74	~xDIRECT-Dn[TV]familianavax~ 4a:44:f7:9b:28:31 -78	~xMOVISTAR_05DEx~ 08:6a:0a:61:05:e1 -89	~x martelx~ 60:19:71:a9:c5:80 -90	~xTP-LINK_9D7Cx~ 84:16:f9:ff:9d:7c -91	~xHogar Ilimitado Entelx~ 54:09:55:db:1e:e2 -89	~xAngelitax~ 08:6a:0a:fd:19:6e -91	~xRODOLFOx~ 94:e8:c5:3c:2d:10 -89	~xREBECAx~ d4:7b:b0:83:ec:fc -91	~xx~ 24:a4:3c:4f:1b:fa -80	~xMOVISTAR_EB90x~ fc:5a:1d:25:eb:98 -91	
~xARACELLI1x~ 90:48:9a:b0:cd:4b -55	~xWLAN_0310x~ f0:f2:49:30:03:18 -53	~xARRIS-5EB2x~ 98:6b:3d:bf:5e:b0 -69	~xWLAN_4673x~ d0:84:b0:fc:46:79 -71	~xWLAN_6DDBx~ e6:ed:c7:7e:33:29 -86	~xLucasx~ d4:7b:b0:85:1d:c4 -82	~xAASC1x~ e8:d1:1b:b7:f1:a9 -74	~xDIRECT-Dn[TV]familianavax~ 4a:44:f7:9b:28:31 -78	~xMOVISTAR_05DEx~ 08:6a:0a:61:05:e1 -89	~x martelx~ 60:19:71:a9:c5:80 -90	~xTP-LINK_9D7Cx~ 84:16:f9:ff:9d:7c -91	~xHogar Ilimitado Entelx~ 54:09:55:db:1e:e2 -89	~xAngelitax~ 08:6a:0a:fd:19:6e -91	~xRODOLFOx~ 94:e8:c5:3c:2d:10 -89	~xREBECAx~ d4:7b:b0:83:ec:fc -91	~xx~ 24:a4:3c:4f:1b:fa -80	~xMOVISTAR_EB90x~ fc:5a:1d:25:eb:98 -91	
~xARACELLI1x~ 90:48:9a:b0:cd:4b -47	~xWLAN_0310x~ f0:f2:49:30:03:18 -56	~xARRIS-5EB2x~ 98:6b:3d:bf:5e:b0 -69	~xWLAN_4673x~ d0:84:b0:fc:46:79 -82	~xWLAN_6DDBx~ e6:ed:c7:7e:33:29 -89	~xLucasx~ d4:7b:b0:85:1d:c4 -82	~xAASC1x~ e8:d1:1b:b7:f1:a9 -88	~xDIRECT-Dn[TV]familianavax~ 4a:44:f7:9b:28:31 -86	~xMOVISTAR_05DEx~ 08:6a:0a:61:05:e1 -89	~x martelx~ 60:19:71:a9:c5:80 -90	~xTP-LINK_9D7Cx~ 84:16:f9:ff:9d:7c -91	~xRODOLFOx~ 94:e8:c5:3c:2d:10 -89	~xREBECAx~ d4:7b:b0:83:ec:fc -91	~xx~ 24:a4:3c:4f:1b:fa -90	~xMOVISTAR_EB90x~ fc:5a:1d:25:eb:98 -91	
~xARACELLI1x~ 90:48:9a:b0:cd:4b -47	~xWLAN_0310x~ f0:f2:49:30:03:18 -56	~xARRIS-5EB2x~ 98:6b:3d:bf:5e:b0 -69	~xWLAN_4673x~ d0:84:b0:fc:46:79 -82	~xWLAN_6DDBx~ e6:ed:c7:7e:33:29 -89	~xLucasx~ d4:7b:b0:85:1d:c4 -82	~xAASC1x~ e8:d1:1b:b7:f1:a9 -88	~xDIRECT-Dn[TV]familianavax~ 4a:44:f7:9b:28:31 -86	~xMOVISTAR_05DEx~ 08:6a:0a:61:05:e1 -89	~x martelx~ 60:19:71:a9:c5:80 -90	~xTP-LINK_9D7Cx~ 84:16:f9:ff:9d:7c -91	~xRODOLFOx~ 94:e8:c5:3c:2d:10 -89	~xREBECAx~ d4:7b:b0:83:ec:fc -91	~xx~ 24:a4:3c:4f:1b:fa -90	~xMOVISTAR_EB90x~ fc:5a:1d:25:eb:98 -91	
~xARACELLI1x~ 90:48:9a:b0:cd:4b -49	~xWLAN_0310x~ f0:f2:49:30:03:18 -46	~xARRIS-5EB2x~ 98:6b:3d:bf:5e:b0 -84	~xWLAN_4673x~ d0:84:b0:fc:46:79 -78	~xWLAN_6DDBx~ e6:ed:c7:7e:33:29 -85	~xLucasx~ d4:7b:b0:85:1d:c4 -82	~xAASC1x~ e8:d1:1b:b7:f1:a9 -80	~xDIRECT-Dn[TV]familianavax~ 4a:44:f7:9b:28:31 -84	~xMOVISTAR_05DEx~ 08:6a:0a:61:05:e1 -85	~x martelx~ 60:19:71:a9:c5:80 -90	~xTP-LINK_9D7Cx~ 84:16:f9:ff:9d:7c -91	~xRODOLFOx~ 94:e8:c5:3c:2d:10 -85	~xREBECAx~ d4:7b:b0:83:ec:fc -91	~xx~ 24:a4:3c:4f:1b:fa -81	~xMOVISTAR_EB90x~ fc:5a:1d:25:eb:98 -91	
~xARACELLI1x~ 90:48:9a:b0:cd:4b -49	~xWLAN_0310x~ f0:f2:49:30:03:18 -46	~xARRIS-5EB2x~ 98:6b:3d:bf:5e:b0 -84	~xWLAN_4673x~ d0:84:b0:fc:46:79 -78	~xWLAN_6DDBx~ e6:ed:c7:7e:33:29 -85	~xLucasx~ d4:7b:b0:85:1d:c4 -82	~xAASC1x~ e8:d1:1b:b7:f1:a9 -80	~xDIRECT-Dn[TV]familianavax~ 4a:44:f7:9b:28:31 -84	~xMOVISTAR_05DEx~ 08:6a:0a:61:05:e1 -85	~x martelx~ 60:19:71:a9:c5:80 -90	~xTP-LINK_9D7Cx~ 84:16:f9:ff:9d:7c -91	~xRODOLFOx~ 94:e8:c5:3c:2d:10 -85	~xREBECAx~ d4:7b:b0:83:ec:fc -91	~xx~ 24:a4:3c:4f:1b:fa -81	~xMOVISTAR_EB90x~ fc:5a:1d:25:eb:98 -91	
~xARACELLI1x~ 90:48:9a:b0:cd:4b -49	~xWLAN_0310x~ f0:f2:49:30:03:18 -46	~xARRIS-5EB2x~ 98:6b:3d:bf:5e:b0 -84	~xWLAN_4673x~ d0:84:b0:fc:46:79 -78	~xWLAN_6DDBx~ e6:ed:c7:7e:33:29 -85	~xLucasx~ d4:7b:b0:85:1d:c4 -82	~xAASC1x~ e8:d1:1b:b7:f1:a9 -80	~xDIRECT-Dn[TV]familianavax~ 4a:44:f7:9b:28:31 -84	~xMOVISTAR_05DEx~ 08:6a:0a:61:05:e1 -85	~x martelx~ 60:19:71:a9:c5:80 -90	~xTP-LINK_9D7Cx~ 84:16:f9:ff:9d:7c -91	~xRODOLFOx~ 94:e8:c5:3c:2d:10 -85	~xREBECAx~ d4:7b:b0:83:ec:fc -91	~xx~ 24:a4:3c:4f:1b:fa -81	~xMOVISTAR_EB90x~ fc:5a:1d:25:eb:98 -91	
~xARACELLI1x~ 90:48:9a:b0:cd:4b -53	~xWLAN_0310x~ f0:f2:49:30:03:18 -56	~xARRIS-5EB2x~ 98:6b:3d:bf:5e:b0 -80	~xWLAN_4673x~ d0:84:b0:fc:46:79 -83	~xWLAN_6DDBx~ e6:ed:c7:7e:33:29 -79	~xLucasx~ d4:7b:b0:85:1d:c4 -82	~xAASC1x~ e8:d1:1b:b7:f1:a9 -81	~xDIRECT-Dn[TV]familianavax~ 4a:44:f7:9b:28:31 -84	~xMOVISTAR_05DEx~ 08:6a:0a:61:05:e1 -87	~x martelx~ 60:19:71:a9:c5:80 -90	~xTP-LINK_9D7Cx~ 84:16:f9:ff:9d:7c -91	~xRODOLFOx~ 94:e8:c5:3c:2d:10 -85	~xx~ 24:a4:3c:4f:1b:fa -81	~xMOVISTAR_EB90x~ fc:5a:1d:25:eb:98 -91	
~xARACELLI1x~ 90:48:9a:b0:cd:4b -53	~xWLAN_0310x~ f0:f2:49:30:03:18 -56	~xARRIS-5EB2x~ 98:6b:3d:bf:5e:b0 -80	~xWLAN_4673x~ d0:84:b0:fc:46:79 -83	~xWLAN_6DDBx~ e6:ed:c7:7e:33:29 -79	~xLucasx~ d4:7b:b0:85:1d:c4 -82	~xAASC1x~ e8:d1:1b:b7:f1:a9 -81	~xDIRECT-Dn[TV]familianavax~ 4a:44:f7:9b:28:31 -84	~xMOVISTAR_05DEx~ 08:6a:0a:61:05:e1 -87	~x martelx~ 60:19:71:a9:c5:80 -90	~xTP-LINK_9D7Cx~ 84:16:f9:ff:9d:7c -91	~xRODOLFOx~ 94:e8:c5:3c:2d:10 -85	~xx~ 24:a4:3c:4f:1b:fa -81	~xMOVISTAR_EB90x~ fc:5a:1d:25:eb:98 -91	
~xARACELLI1x~ 90:48:9a:b0:cd:4b -45	~xWLAN_0310x~ f0:f2:49:30:03:18 -70	~xARRIS-5EB2x~ 98:6b:3d:bf:5e:b0 -73	~xWLAN_4673x~ d0:84:b0:fc:46:79 -83	~xWLAN_6DDBx~ e6:ed:c7:7e:33:29 -79	~xLucasx~ d4:7b:b0:85:1d:c4 -81	~xAASC1x~ e8:d1:1b:b7:f1:a9 -81	~xDIRECT-Dn[TV]familianavax~ 4a:44:f7:9b:28:31 -73	~xMOVISTAR_05DEx~ 08:6a:0a:61:05:e1 -87	~xTP-LINK_9D7Cx~ 84:16:f9:ff:9d:7c -91	~xRODOLFOx~ 94:e8:c5:3c:2d:10 -85	~xx~ 24:a4:3c:4f:1b:fa -81	~xMOVISTAR_EB90x~ fc:5a:1d:25:eb:98 -91	
~xARACELLI1x~ 90:48:9a:b0:cd:4b -45	~xWLAN_0310x~ f0:f2:49:30:03:18 -70	~xARRIS-5EB2x~ 98:6b:3d:bf:5e:b0 -73	~xWLAN_4673x~ d0:84:b0:fc:46:79 -83	~xWLAN_6DDBx~ e6:ed:c7:7e:33:29 -79	~xLucasx~ d4:7b:b0:85:1d:c4 -81	~xAASC1x~ e8:d1:1b:b7:f1:a9 -81	~xDIRECT-Dn[TV]familianavax~ 4a:44:f7:9b:28:31 -73	~xMOVISTAR_05DEx~ 08:6a:0a:61:05:e1 -87	~xTP-LINK_9D7Cx~ 84:16:f9:ff:9d:7c -91	~xRODOLFOx~ 94:e8:c5:3c:2d:10 -85	~xx~ 24:a4:3c:4f:1b:fa -81	~xMOVISTAR_EB90x~ fc:5a:1d:25:eb:98 -91	