~xARACELLI1x~ 90:48:9a:b0:cd:4b -71	~xWLAN_0310x~ f0:f2:49:30:03:18 -88	~xWLAN_4673x~ d0:84:b0:fc:46:79 -82	
~xARACELLI1x~ 90:48:9a:b0:cd:4b -71	~xWLAN_0310x~ f0:f2:49:30:03:18 -88	~xWLAN_4673x~ d0:84:b0:fc:46:79 -82	
~xARACELLI1x~ 90:48:9a:b0:cd:4b -71	~xWLAN_0310x~ f0:f2:49:30:03:18 -88	~xWLAN_4673x~ d0:84:b0:fc:46:79 -82	
~xARACELLI1x~ 90:48:9a:b0:cd:4b -69	~xWLAN_0310x~ f0:f2:49:30:03:18 -54	~xAASC1x~ e8:d1:1b:b7:f1:a9 -72	~xARRIS-5EB2x~ 98:6b:3d:bf:5e:b0 -80	~xHogar Ilimitado Entelx~ 54:09:55:db:1e:e2 -89	
~xARACELLI1x~ 90:48:9a:b0:cd:4b -69	~xWLAN_0310x~ f0:f2:49:30:03:18 -54	~xAASC1x~ e8:d1:1b:b7:f1:a9 -72	~xARRIS-5EB2x~ 98:6b:3d:bf:5e:b0 -80	~xHogar Ilimitado Entelx~ 54:09:55:db:1e:e2 -89	
~xARACELLI1x~ 90:48:9a:b0:cd:4b -65	~xWLAN_0310x~ f0:f2:49:30:03:18 -47	~xAASC1x~ e8:d1:1b:b7:f1:a9 -67	~xARRIS-5EB2x~ 98:6b:3d:bf:5e:b0 -80	~xHogar Ilimitado Entelx~ 54:09:55:db:1e:e2 -89	~xTP-LINK_5B8282x~ e8:94:f6:5b:82:82 -87	~xWLAN_6DDBx~ e6:ed:c7:7e:33:29 -90	
~xARACELLI1x~ 90:48:9a:b0:cd:4b -65	~xWLAN_0310x~ f0:f2:49:30:03:18 -47	~xAASC1x~ e8:d1:1b:b7:f1:a9 -67	~xARRIS-5EB2x~ 98:6b:3d:bf:5e:b0 -80	~xHogar Ilimitado Entelx~ 54:09:55:db:1e:e2 -89	~xTP-LINK_5B8282x~ e8:94:f6:5b:82:82 -87	~xWLAN_6DDBx~ e6:ed:c7:7e:33:29 -90	
~xARACELLI1x~ 90:48:9a:b0:cd:4b -67	~xWLAN_0310x~ f0:f2:49:30:03:18 -38	~xAASC1x~ e8:d1:1b:b7:f1:a9 -66	~xARRIS-5EB2x~ 98:6b:3d:bf:5e:b0 -80	~xHogar Ilimitado Entelx~ 54:09:55:db:1e:e2 -89	~xTP-LINK_5B8282x~ e8:94:f6:5b:82:82 -90	~xWLAN_6DDBx~ e6:ed:c7:7e:33:29 -90	
~xARACELLI1x~ 90:48:9a:b0:cd:4b -67	~xWLAN_0310x~ f0:f2:49:30:03:18 -38	~xAASC1x~ e8:d1:1b:b7:f1:a9 -66	~xARRIS-5EB2x~ 98:6b:3d:bf:5e:b0 -80	~xHogar Ilimitado Entelx~ 54:09:55:db:1e:e2 -89	~xTP-LINK_5B8282x~ e8:94:f6:5b:82:82 -90	~xWLAN_6DDBx~ e6:ed:c7:7e:33:29 -90	
~xARACELLI1x~ 90:48:9a:b0:cd:4b -67	~xWLAN_0310x~ f0:f2:49:30:03:18 -45	~xAASC1x~ e8:d1:1b:b7:f1:a9 -71	~xARRIS-5EB2x~ 98:6b:3d:bf:5e:b0 -87	~xHogar Ilimitado Entelx~ 54:09:55:db:1e:e2 -91	~xTP-LINK_5B8282x~ e8:94:f6:5b:82:82 -90	~xWLAN_6DDBx~ e6:ed:c7:7e:33:29 -90	
~xARACELLI1x~ 90:48:9a:b0:cd:4b -67	~xWLAN_0310x~ f0:f2:49:30:03:18 -45	~xAASC1x~ e8:d1:1b:b7:f1:a9 -71	~xARRIS-5EB2x~ 98:6b:3d:bf:5e:b0 -87	~xHogar Ilimitado Entelx~ 54:09:55:db:1e:e2 -91	~xTP-LINK_5B8282x~ e8:94:f6:5b:82:82 -90	~xWLAN_6DDBx~ e6:ed:c7:7e:33:29 -90	
~xARACELLI1x~ 90:48:9a:b0:cd:4b -63	~xWLAN_0310x~ f0:f2:49:30:03:18 -39	~xAASC1x~ e8:d1:1b:b7:f1:a9 -65	~xARRIS-5EB2x~ 98:6b:3d:bf:5e:b0 -87	~xHogar Ilimitado Entelx~ 54:09:55:db:1e:e2 -91	~xTP-LINK_5B8282x~ e8:94:f6:5b:82:82 -90	~xWLAN_6DDBx~ e6:ed:c7:7e:33:29 -90	~xMOVISTAR WIFI5584x~ f0:ee:10:6a:fa:16 -84	~xWLAN_4673x~ d0:84:b0:fc:46:79 -89	
~xARACELLI1x~ 90:48:9a:b0:cd:4b -63	~xWLAN_0310x~ f0:f2:49:30:03:18 -39	~xAASC1x~ e8:d1:1b:b7:f1:a9 -65	~xARRIS-5EB2x~ 98:6b:3d:bf:5e:b0 -87	~xHogar Ilimitado Entelx~ 54:09:55:db:1e:e2 -91	~xTP-LINK_5B8282x~ e8:94:f6:5b:82:82 -90	~xWLAN_6DDBx~ e6:ed:c7:7e:33:29 -90	~xMOVISTAR WIFI5584x~ f0:ee:10:6a:fa:16 -84	~xWLAN_4673x~ d0:84:b0:fc:46:79 -89	
~xARACELLI1x~ 90:48:9a:b0:cd:4b -72	~xWLAN_0310x~ f0:f2:49:30:03:18 -45	~xAASC1x~ e8:d1:1b:b7:f1:a9 -71	~xARRIS-5EB2x~ 98:6b:3d:bf:5e:b0 -87	~xHogar Ilimitado Entelx~ 54:09:55:db:1e:e2 -88	~xTP-LINK_5B8282x~ e8:94:f6:5b:82:82 -90	~xWLAN_6DDBx~ e6:ed:c7:7e:33:29 -90	~xMOVISTAR WIFI5584x~ f0:ee:10:6a:fa:16 -83	~xWLAN_4673x~ d0:84:b0:fc:46:79 -89	
~xARACELLI1x~ 90:48:9a:b0:cd:4b -72	~xWLAN_0310x~ f0:f2:49:30:03:18 -45	~xAASC1x~ e8:d1:1b:b7:f1:a9 -71	~xARRIS-5EB2x~ 98:6b:3d:bf:5e:b0 -87	~xHogar Ilimitado Entelx~ 54:09:55:db:1e:e2 -88	~xTP-LINK_5B8282x~ e8:94:f6:5b:82:82 -90	~xWLAN_6DDBx~ e6:ed:c7:7e:33:29 -90	~xMOVISTAR WIFI5584x~ f0:ee:10:6a:fa:16 -83	~xWLAN_4673x~ d0:84:b0:fc:46:79 -89	
~xARACELLI1x~ 90:48:9a:b0:cd:4b -72	~xWLAN_0310x~ f0:f2:49:30:03:18 -45	~xAASC1x~ e8:d1:1b:b7:f1:a9 -71	~xARRIS-5EB2x~ 98:6b:3d:bf:5e:b0 -87	~xHogar Ilimitado Entelx~ 54:09:55:db:1e:e2 -88	~xTP-LINK_5B8282x~ e8:94:f6:5b:82:82 -90	~xWLAN_6DDBx~ e6:ed:c7:7e:33:29 -90	~xMOVISTAR WIFI5584x~ f0:ee:10:6a:fa:16 -83	~xWLAN_4673x~ d0:84:b0:fc:46:79 -89	
~xARACELLI1x~ 90:48:9a:b0:cd:4b -65	~xWLAN_0310x~ f0:f2:49:30:03:18 -32	~xAASC1x~ e8:d1:1b:b7:f1:a9 -71	~xARRIS-5EB2x~ 98:6b:3d:bf:5e:b0 -89	~xHogar Ilimitado Entelx~ 54:09:55:db:1e:e2 -86	~xTP-LINK_5B8282x~ e8:94:f6:5b:82:82 -91	~xWLAN_6DDBx~ e6:ed:c7:7e:33:29 -84	~xMOVISTAR WIFI5584x~ f0:ee:10:6a:fa:16 -74	~xWLAN_4673x~ d0:84:b0:fc:46:79 -89	~xMOVISTAR_05DEx~ 08:6a:0a:61:05:e1 -89	~xTP-LINK_9D7Cx~ 84:16:f9:ff:9d:7c -91	
~xARACELLI1x~ 90:48:9a:b0:cd:4b -65	~xWLAN_0310x~ f0:f2:49:30:03:18 -32	~xAASC1x~ e8:d1:1b:b7:f1:a9 -71	~xARRIS-5EB2x~ 98:6b:3d:bf:5e:b0 -89	~xHogar Ilimitado Entelx~ 54:09:55:db:1e:e2 -86	~xTP-LINK_5B8282x~ e8:94:f6:5b:82:82 -91	~xWLAN_6DDBx~ e6:ed:c7:7e:33:29 -84	~xMOVISTAR WIFI5584x~ f0:ee:10:6a:fa:16 -74	~xWLAN_4673x~ d0:84:b0:fc:46:79 -89	~xMOVISTAR_05DEx~ 08:6a:0a:61:05:e1 -89	~xTP-LINK_9D7Cx~ 84:16:f9:ff:9d:7c -91	
~xARACELLI1x~ 90:48:9a:b0:cd:4b -65	~xWLAN_0310x~ f0:f2:49:30:03:18 -32	~xAASC1x~ e8:d1:1b:b7:f1:a9 -71	~xARRIS-5EB2x~ 98:6b:3d:bf:5e:b0 -89	~xHogar Ilimitado Entelx~ 54:09:55:db:1e:e2 -86	~xTP-LINK_5B8282x~ e8:94:f6:5b:82:82 -91	~xWLAN_6DDBx~ e6:ed:c7:7e:33:29 -84	~xMOVISTAR WIFI5584x~ f0:ee:10:6a:fa:16 -74	~xWLAN_4673x~ d0:84:b0:fc:46:79 -89	~xMOVISTAR_05DEx~ 08:6a:0a:61:05:e1 -89	~xTP-LINK_9D7Cx~ 84:16:f9:ff:9d:7c -91	
~xARACELLI1x~ 90:48:9a:b0:cd:4b -54	~xWLAN_0310x~ f0:f2:49:30:03:18 -35	~xAASC1x~ e8:d1:1b:b7:f1:a9 -74	~xARRIS-5EB2x~ 98:6b:3d:bf:5e:b0 -85	~xHogar Ilimitado Entelx~ 54:09:55:db:1e:e2 -86	~xTP-LINK_5B8282x~ e8:94:f6:5b:82:82 -90	~xWLAN_6DDBx~ e6:ed:c7:7e:33:29 -86	~xMOVISTAR WIFI5584x~ f0:ee:10:6a:fa:16 -83	~xWLAN_4673x~ d0:84:b0:fc:46:79 -89	~xMOVISTAR_05DEx~ 08:6a:0a:61:05:e1 -89	~xTP-LINK_9D7Cx~ 84:16:f9:ff:9d:7c -91	~xMOVISTAR_EB90x~ fc:5a:1d:25:eb:98 -88	~xRODOLFOx~ 94:e8:c5:3c:2d:10 -90	
~xARACELLI1x~ 90:48:9a:b0:cd:4b -54	~xWLAN_0310x~ f0:f2:49:30:03:18 -35	~xAASC1x~ e8:d1:1b:b7:f1:a9 -74	~xARRIS-5EB2x~ 98:6b:3d:bf:5e:b0 -85	~xHogar Ilimitado Entelx~ 54:09:55:db:1e:e2 -86	~xTP-LINK_5B8282x~ e8:94:f6:5b:82:82 -90	~xWLAN_6DDBx~ e6:ed:c7:7e:33:29 -86	~xMOVISTAR WIFI5584x~ f0:ee:10:6a:fa:16 -83	~xWLAN_4673x~ d0:84:b0:fc:46:79 -89	~xMOVISTAR_05DEx~ 08:6a:0a:61:05:e1 -89	~xTP-LINK_9D7Cx~ 84:16:f9:ff:9d:7c -91	~xMOVISTAR_EB90x~ fc:5a:1d:25:eb:98 -88	~xRODOLFOx~ 94:e8:c5:3c:2d:10 -90	
~xARACELLI1x~ 90:48:9a:b0:cd:4b -68	~xWLAN_0310x~ f0:f2:49:30:03:18 -42	~xAASC1x~ e8:d1:1b:b7:f1:a9 -71	~xARRIS-5EB2x~ 98:6b:3d:bf:5e:b0 -85	~xHogar Ilimitado Entelx~ 54:09:55:db:1e:e2 -86	~xTP-LINK_5B8282x~ e8:94:f6:5b:82:82 -90	~xWLAN_6DDBx~ e6:ed:c7:7e:33:29 -90	~xMOVISTAR WIFI5584x~ f0:ee:10:6a:fa:16 -89	~xWLAN_4673x~ d0:84:b0:fc:46:79 -89	~xMOVISTAR_05DEx~ 08:6a:0a:61:05:e1 -80	~xTP-LINK_9D7Cx~ 84:16:f9:ff:9d:7c -91	~xMOVISTAR_EB90x~ fc:5a:1d:25:eb:98 -89	~xRODOLFOx~ 94:e8:c5:3c:2d:10 -89	
~xARACELLI1x~ 90:48:9a:b0:cd:4b -68	~xWLAN_0310x~ f0:f2:49:30:03:18 -42	~xAASC1x~ e8:d1:1b:b7:f1:a9 -71	~xARRIS-5EB2x~ 98:6b:3d:bf:5e:b0 -85	~xHogar Ilimitado Entelx~ 54:09:55:db:1e:e2 -86	~xTP-LINK_5B8282x~ e8:94:f6:5b:82:82 -90	~xWLAN_6DDBx~ e6:ed:c7:7e:33:29 -90	~xMOVISTAR WIFI5584x~ f0:ee:10:6a:fa:16 -89	~xWLAN_4673x~ d0:84:b0:fc:46:79 -89	~xMOVISTAR_05DEx~ 08:6a:0a:61:05:e1 -80	~xTP-LINK_9D7Cx~ 84:16:f9:ff:9d:7c -91	~xMOVISTAR_EB90x~ fc:5a:1d:25:eb:98 -89	~xRODOLFOx~ 94:e8:c5:3c:2d:10 -89	
~xARACELLI1x~ 90:48:9a:b0:cd:4b -68	~xWLAN_0310x~ f0:f2:49:30:03:18 -42	~xAASC1x~ e8:d1:1b:b7:f1:a9 -71	~xARRIS-5EB2x~ 98:6b:3d:bf:5e:b0 -85	~xHogar Ilimitado Entelx~ 54:09:55:db:1e:e2 -86	~xTP-LINK_5B8282x~ e8:94:f6:5b:82:82 -90	~xWLAN_6DDBx~ e6:ed:c7:7e:33:29 -90	~xMOVISTAR WIFI5584x~ f0:ee:10:6a:fa:16 -89	~xWLAN_4673x~ d0:84:b0:fc:46:79 -89	~xMOVISTAR_05DEx~ 08:6a:0a:61:05:e1 -80	~xTP-LINK_9D7Cx~ 84:16:f9:ff:9d:7c -91	~xMOVISTAR_EB90x~ fc:5a:1d:25:eb:98 -89	~xRODOLFOx~ 94:e8:c5:3c:2d:10 -89	
~xARACELLI1x~ 90:48:9a:b0:cd:4b -65	~xWLAN_0310x~ f0:f2:49:30:03:18 -49	~xAASC1x~ e8:d1:1b:b7:f1:a9 -70	~xARRIS-5EB2x~ 98:6b:3d:bf:5e:b0 -86	~xHogar Ilimitado Entelx~ 54:09:55:db:1e:e2 -86	~xTP-LINK_5B8282x~ e8:94:f6:5b:82:82 -90	~xWLAN_6DDBx~ e6:ed:c7:7e:33:29 -90	~xMOVISTAR WIFI5584x~ f0:ee:10:6a:fa:16 -89	~xWLAN_4673x~ d0:84:b0:fc:46:79 -91	~xMOVISTAR_05DEx~ 08:6a:0a:61:05:e1 -90	~xTP-LINK_9D7Cx~ 84:16:f9:ff:9d:7c -91	~xMOVISTAR_EB90x~ fc:5a:1d:25:eb:98 -89	~xRODOLFOx~ 94:e8:c5:3c:2d:10 -89	~x martelx~ 60:19:71:a9:c5:80 -92	~xx~ 24:a4:3c:4f:1b:fa -87	
~xARACELLI1x~ 90:48:9a:b0:cd:4b -65	~xWLAN_0310x~ f0:f2:49:30:03:18 -49	~xAASC1x~ e8:d1:1b:b7:f1:a9 -70	~xARRIS-5EB2x~ 98:6b:3d:bf:5e:b0 -86	~xHogar Ilimitado Entelx~ 54:09:55:db:1e:e2 -86	~xTP-LINK_5B8282x~ e8:94:f6:5b:82:82 -90	~xWLAN_6DDBx~ e6:ed:c7:7e:33:29 -90	~xMOVISTAR WIFI5584x~ f0:ee:10:6a:fa:16 -89	~xWLAN_4673x~ d0:84:b0:fc:46:79 -91	~xMOVISTAR_05DEx~ 08:6a:0a:61:05:e1 -90	~xTP-LINK_9D7Cx~ 84:16:f9:ff:9d:7c -91	~xMOVISTAR_EB90x~ fc:5a:1d:25:eb:98 -89	~xRODOLFOx~ 94:e8:c5:3c:2d:10 -89	~x martelx~ 60:19:71:a9:c5:80 -92	~xx~ 24:a4:3c:4f:1b:fa -87	
~xARACELLI1x~ 90:48:9a:b0:cd:4b -65	~xWLAN_0310x~ f0:f2:49:30:03:18 -49	~xAASC1x~ e8:d1:1b:b7:f1:a9 -70	~xARRIS-5EB2x~ 98:6b:3d:bf:5e:b0 -86	~xHogar Ilimitado Entelx~ 54:09:55:db:1e:e2 -86	~xTP-LINK_5B8282x~ e8:94:f6:5b:82:82 -90	~xWLAN_6DDBx~ e6:ed:c7:7e:33:29 -90	~xMOVISTAR WIFI5584x~ f0:ee:10:6a:fa:16 -89	~xWLAN_4673x~ d0:84:b0:fc:46:79 -91	~xMOVISTAR_05DEx~ 08:6a:0a:61:05:e1 -90	~xTP-LINK_9D7Cx~ 84:16:f9:ff:9d:7c -91	~xMOVISTAR_EB90x~ fc:5a:1d:25:eb:98 -89	~xRODOLFOx~ 94:e8:c5:3c:2d:10 -89	~x martelx~ 60:19:71:a9:c5:80 -92	~xx~ 24:a4:3c:4f:1b:fa -87	
~xARACELLI1x~ 90:48:9a:b0:cd:4b -49	~xWLAN_0310x~ f0:f2:49:30:03:18 -45	~xAASC1x~ e8:d1:1b:b7:f1:a9 -78	~xARRIS-5EB2x~ 98:6b:3d:bf:5e:b0 -86	~xHogar Ilimitado Entelx~ 54:09:55:db:1e:e2 -86	~xTP-LINK_5B8282x~ e8:94:f6:5b:82:82 -90	~xWLAN_6DDBx~ e6:ed:c7:7e:33:29 -84	~xMOVISTAR WIFI5584x~ f0:ee:10:6a:fa:16 -86	~xWLAN_4673x~ d0:84:b0:fc:46:79 -91	~xMOVISTAR_05DEx~ 08:6a:0a:61:05:e1 -82	~xTP-LINK_9D7Cx~ 84:16:f9:ff:9d:7c -91	~xMOVISTAR_EB90x~ fc:5a:1d:25:eb:98 -89	~xRODOLFOx~ 94:e8:c5:3c:2d:10 -89	~x martelx~ 60:19:71:a9:c5:80 -92	~xx~ 24:a4:3c:4f:1b:fa -88	
~xARACELLI1x~ 90:48:9a:b0:cd:4b -49	~xWLAN_0310x~ f0:f2:49:30:03:18 -45	~xAASC1x~ e8:d1:1b:b7:f1:a9 -78	~xARRIS-5EB2x~ 98:6b:3d:bf:5e:b0 -86	~xHogar Ilimitado Entelx~ 54:09:55:db:1e:e2 -86	~xTP-LINK_5B8282x~ e8:94:f6:5b:82:82 -90	~xWLAN_6DDBx~ e6:ed:c7:7e:33:29 -84	~xMOVISTAR WIFI5584x~ f0:ee:10:6a:fa:16 -86	~xWLAN_4673x~ d0:84:b0:fc:46:79 -91	~xMOVISTAR_05DEx~ 08:6a:0a:61:05:e1 -82	~xTP-LINK_9D7Cx~ 84:16:f9:ff:9d:7c -91	~xMOVISTAR_EB90x~ fc:5a:1d:25:eb:98 -89	~xRODOLFOx~ 94:e8:c5:3c:2d:10 -89	~x martelx~ 60:19:71:a9:c5:80 -92	~xx~ 24:a4:3c:4f:1b:fa -88	
~xARACELLI1x~ 90:48:9a:b0:cd:4b -72	~xWLAN_0310x~ f0:f2:49:30:03:18 -38	~xAASC1x~ e8:d1:1b:b7:f1:a9 -62	~xARRIS-5EB2x~ 98:6b:3d:bf:5e:b0 -79	~xHogar Ilimitado Entelx~ 54:09:55:db:1e:e2 -88	~xTP-LINK_5B8282x~ e8:94:f6:5b:82:82 -90	~xWLAN_6DDBx~ e6:ed:c7:7e:33:29 -88	~xMOVISTAR WIFI5584x~ f0:ee:10:6a:fa:16 -86	~xWLAN_4673x~ d0:84:b0:fc:46:79 -90	~xMOVISTAR_05DEx~ 08:6a:0a:61:05:e1 -82	~xMOVISTAR_EB90x~ fc:5a:1d:25:eb:98 -89	~xRODOLFOx~ 94:e8:c5:3c:2d:10 -89	~x martelx~ 60:19:71:a9:c5:80 -92	~xx~ 24:a4:3c:4f:1b:fa -88	
~xARACELLI1x~ 90:48:9a:b0:cd:4b -72	~xWLAN_0310x~ f0:f2:49:30:03:18 -38	~xAASC1x~ e8:d1:1b:b7:f1:a9 -62	~xARRIS-5EB2x~ 98:6b:3d:bf:5e:b0 -79	~xHogar Ilimitado Entelx~ 54:09:55:db:1e:e2 -88	~xTP-LINK_5B8282x~ e8:94:f6:5b:82:82 -90	~xWLAN_6DDBx~ e6:ed:c7:7e:33:29 -88	~xMOVISTAR WIFI5584x~ f0:ee:10:6a:fa:16 -86	~xWLAN_4673x~ d0:84:b0:fc:46:79 -90	~xMOVISTAR_05DEx~ 08:6a:0a:61:05:e1 -82	~xMOVISTAR_EB90x~ fc:5a:1d:25:eb:98 -89	~xRODOLFOx~ 94:e8:c5:3c:2d:10 -89	~x martelx~ 60:19:71:a9:c5:80 -92	~xx~ 24:a4:3c:4f:1b:fa -88	
~xARACELLI1x~ 90:48:9a:b0:cd:4b -72	~xWLAN_0310x~ f0:f2:49:30:03:18 -38	~xAASC1x~ e8:d1:1b:b7:f1:a9 -62	~xARRIS-5EB2x~ 98:6b:3d:bf:5e:b0 -79	~xHogar Ilimitado Entelx~ 54:09:55:db:1e:e2 -88	~xTP-LINK_5B8282x~ e8:94:f6:5b:82:82 -90	~xWLAN_6DDBx~ e6:ed:c7:7e:33:29 -88	~xMOVISTAR WIFI5584x~ f0:ee:10:6a:fa:16 -86	~xWLAN_4673x~ d0:84:b0:fc:46:79 -90	~xMOVISTAR_05DEx~ 08:6a:0a:61:05:e1 -82	~xMOVISTAR_EB90x~ fc:5a:1d:25:eb:98 -89	~xRODOLFOx~ 94:e8:c5:3c:2d:10 -89	~x martelx~ 60:19:71:a9:c5:80 -92	~xx~ 24:a4:3c:4f:1b:fa -88	
~xARACELLI1x~ 90:48:9a:b0:cd:4b -70	~xWLAN_0310x~ f0:f2:49:30:03:18 -39	~xAASC1x~ e8:d1:1b:b7:f1:a9 -69	~xARRIS-5EB2x~ 98:6b:3d:bf:5e:b0 -90	~xHogar Ilimitado Entelx~ 54:09:55:db:1e:e2 -88	~xTP-LINK_5B8282x~ e8:94:f6:5b:82:82 -85	~xWLAN_6DDBx~ e6:ed:c7:7e:33:29 -89	~xMOVISTAR WIFI5584x~ f0:ee:10:6a:fa:16 -85	~xWLAN_4673x~ d0:84:b0:fc:46:79 -90	~xMOVISTAR_05DEx~ 08:6a:0a:61:05:e1 -82	~xMOVISTAR_EB90x~ fc:5a:1d:25:eb:98 -89	~xRODOLFOx~ 94:e8:c5:3c:2d:10 -89	~x martelx~ 60:19:71:a9:c5:80 -92	~xx~ 24:a4:3c:4f:1b:fa -88	
~xARACELLI1x~ 90:48:9a:b0:cd:4b -70	~xWLAN_0310x~ f0:f2:49:30:03:18 -39	~xAASC1x~ e8:d1:1b:b7:f1:a9 -69	~xARRIS-5EB2x~ 98:6b:3d:bf:5e:b0 -90	~xHogar Ilimitado Entelx~ 54:09:55:db:1e:e2 -88	~xTP-LINK_5B8282x~ e8:94:f6:5b:82:82 -85	~xWLAN_6DDBx~ e6:ed:c7:7e:33:29 -89	~xMOVISTAR WIFI5584x~ f0:ee:10:6a:fa:16 -85	~xWLAN_4673x~ d0:84:b0:fc:46:79 -90	~xMOVISTAR_05DEx~ 08:6a:0a:61:05:e1 -82	~xMOVISTAR_EB90x~ fc:5a:1d:25:eb:98 -89	~xRODOLFOx~ 94:e8:c5:3c:2d:10 -89	~x martelx~ 60:19:71:a9:c5:80 -92	~xx~ 24:a4:3c:4f:1b:fa -88	
~xARACELLI1x~ 90:48:9a:b0:cd:4b -70	~xWLAN_0310x~ f0:f2:49:30:03:18 -39	~xAASC1x~ e8:d1:1b:b7:f1:a9 -69	~xARRIS-5EB2x~ 98:6b:3d:bf:5e:b0 -90	~xHogar Ilimitado Entelx~ 54:09:55:db:1e:e2 -88	~xTP-LINK_5B8282x~ e8:94:f6:5b:82:82 -85	~xWLAN_6DDBx~ e6:ed:c7:7e:33:29 -89	~xMOVISTAR WIFI5584x~ f0:ee:10:6a:fa:16 -85	~xWLAN_4673x~ d0:84:b0:fc:46:79 -90	~xMOVISTAR_05DEx~ 08:6a:0a:61:05:e1 -82	~xMOVISTAR_EB90x~ fc:5a:1d:25:eb:98 -89	~xRODOLFOx~ 94:e8:c5:3c:2d:10 -89	~x martelx~ 60:19:71:a9:c5:80 -92	~xx~ 24:a4:3c:4f:1b:fa -88	
~xARACELLI1x~ 90:48:9a:b0:cd:4b -65	~xWLAN_0310x~ f0:f2:49:30:03:18 -56	~xAASC1x~ e8:d1:1b:b7:f1:a9 -70	~xARRIS-5EB2x~ 98:6b:3d:bf:5e:b0 -90	~xHogar Ilimitado Entelx~ 54:09:55:db:1e:e2 -88	~xTP-LINK_5B8282x~ e8:94:f6:5b:82:82 -85	~xWLAN_6DDBx~ e6:ed:c7:7e:33:29 -88	~xMOVISTAR WIFI5584x~ f0:ee:10:6a:fa:16 -75	~xWLAN_4673x~ d0:84:b0:fc:46:79 -90	~xMOVISTAR_05DEx~ 08:6a:0a:61:05:e1 -82	~x martelx~ 60:19:71:a9:c5:80 -92	~xx~ 24:a4:3c:4f:1b:fa -88	~xLucasx~ d4:7b:b0:85:1d:c4 -89	
~xARACELLI1x~ 90:48:9a:b0:cd:4b -65	~xWLAN_0310x~ f0:f2:49:30:03:18 -56	~xAASC1x~ e8:d1:1b:b7:f1:a9 -70	~xARRIS-5EB2x~ 98:6b:3d:bf:5e:b0 -90	~xHogar Ilimitado Entelx~ 54:09:55:db:1e:e2 -88	~xTP-LINK_5B8282x~ e8:94:f6:5b:82:82 -85	~xWLAN_6DDBx~ e6:ed:c7:7e:33:29 -88	~xMOVISTAR WIFI5584x~ f0:ee:10:6a:fa:16 -75	~xWLAN_4673x~ d0:84:b0:fc:46:79 -90	~xMOVISTAR_05DEx~ 08:6a:0a:61:05:e1 -82	~x martelx~ 60:19:71:a9:c5:80 -92	~xx~ 24:a4:3c:4f:1b:fa -88	~xLucasx~ d4:7b:b0:85:1d:c4 -89	
~xARACELLI1x~ 90:48:9a:b0:cd:4b -65	~xWLAN_0310x~ f0:f2:49:30:03:18 -56	~xAASC1x~ e8:d1:1b:b7:f1:a9 -70	~xARRIS-5EB2x~ 98:6b:3d:bf:5e:b0 -90	~xHogar Ilimitado Entelx~ 54:09:55:db:1e:e2 -88	~xTP-LINK_5B8282x~ e8:94:f6:5b:82:82 -85	~xWLAN_6DDBx~ e6:ed:c7:7e:33:29 -88	~xMOVISTAR WIFI5584x~ f0:ee:10:6a:fa:16 -75	~xWLAN_4673x~ d0:84:b0:fc:46:79 -90	~xMOVISTAR_05DEx~ 08:6a:0a:61:05:e1 -82	~x martelx~ 60:19:71:a9:c5:80 -92	~xx~ 24:a4:3c:4f:1b:fa -88	~xLucasx~ d4:7b:b0:85:1d:c4 -89	
~xARACELLI1x~ 90:48:9a:b0:cd:4b -66	~xWLAN_0310x~ f0:f2:49:30:03:18 -42	~xAASC1x~ e8:d1:1b:b7:f1:a9 -63	~xARRIS-5EB2x~ 98:6b:3d:bf:5e:b0 -86	~xHogar Ilimitado Entelx~ 54:09:55:db:1e:e2 -88	~xTP-LINK_5B8282x~ e8:94:f6:5b:82:82 -85	~xWLAN_6DDBx~ e6:ed:c7:7e:33:29 -88	~xMOVISTAR WIFI5584x~ f0:ee:10:6a:fa:16 -76	~xWLAN_4673x~ d0:84:b0:fc:46:79 -90	~xMOVISTAR_05DEx~ 08:6a:0a:61:05:e1 -85	~xx~ 24:a4:3c:4f:1b:fa -88	~xLucasx~ d4:7b:b0:85:1d:c4 -89	
~xARACELLI1x~ 90:48:9a:b0:cd:4b -66	~xWLAN_0310x~ f0:f2:49:30:03:18 -42	~xAASC1x~ e8:d1:1b:b7:f1:a9 -63	~xARRIS-5EB2x~ 98:6b:3d:bf:5e:b0 -86	~xHogar Ilimitado Entelx~ 54:09:55:db:1e:e2 -88	~xTP-LINK_5B8282x~ e8:94:f6:5b:82:82 -85	~xWLAN_6DDBx~ e6:ed:c7:7e:33:29 -88	~xMOVISTAR WIFI5584x~ f0:ee:10:6a:fa:16 -76	~xWLAN_4673x~ d0:84:b0:fc:46:79 -90	~xMOVISTAR_05DEx~ 08:6a:0a:61:05:e1 -85	~xx~ 24:a4:3c:4f:1b:fa -88	~xLucasx~ d4:7b:b0:85:1d:c4 -89	
~xARACELLI1x~ 90:48:9a:b0:cd:4b -61	~xWLAN_0310x~ f0:f2:49:30:03:18 -33	~xAASC1x~ e8:d1:1b:b7:f1:a9 -63	~xARRIS-5EB2x~ 98:6b:3d:bf:5e:b0 -86	~xHogar Ilimitado Entelx~ 54:09:55:db:1e:e2 -88	~xTP-LINK_5B8282x~ e8:94:f6:5b:82:82 -90	~xWLAN_6DDBx~ e6:ed:c7:7e:33:29 -88	~xMOVISTAR WIFI5584x~ f0:ee:10:6a:fa:16 -85	~xWLAN_4673x~ d0:84:b0:fc:46:79 -90	~xMOVISTAR_05DEx~ 08:6a:0a:61:05:e1 -85	~xLucasx~ d4:7b:b0:85:1d:c4 -91	~xTP-LINK_9D7Cx~ 84:16:f9:ff:9d:7c -90	~xRODOLFOx~ 94:e8:c5:3c:2d:10 -91	
~xARACELLI1x~ 90:48:9a:b0:cd:4b -61	~xWLAN_0310x~ f0:f2:49:30:03:18 -33	~xAASC1x~ e8:d1:1b:b7:f1:a9 -63	~xARRIS-5EB2x~ 98:6b:3d:bf:5e:b0 -86	~xHogar Ilimitado Entelx~ 54:09:55:db:1e:e2 -88	~xTP-LINK_5B8282x~ e8:94:f6:5b:82:82 -90	~xWLAN_6DDBx~ e6:ed:c7:7e:33:29 -88	~xMOVISTAR WIFI5584x~ f0:ee:10:6a:fa:16 -85	~xWLAN_4673x~ d0:84:b0:fc:46:79 -90	~xMOVISTAR_05DEx~ 08:6a:0a:61:05:e1 -85	~xLucasx~ d4:7b:b0:85:1d:c4 -91	~xTP-LINK_9D7Cx~ 84:16:f9:ff:9d:7c -90	~xRODOLFOx~ 94:e8:c5:3c:2d:10 -91	
~xARACELLI1x~ 90:48:9a:b0:cd:4b -61	~xWLAN_0310x~ f0:f2:49:30:03:18 -33	~xAASC1x~ e8:d1:1b:b7:f1:a9 -63	~xARRIS-5EB2x~ 98:6b:3d:bf:5e:b0 -86	~xHogar Ilimitado Entelx~ 54:09:55:db:1e:e2 -88	~xTP-LINK_5B8282x~ e8:94:f6:5b:82:82 -90	~xWLAN_6DDBx~ e6:ed:c7:7e:33:29 -88	~xMOVISTAR WIFI5584x~ f0:ee:10:6a:fa:16 -85	~xWLAN_4673x~ d0:84:b0:fc:46:79 -90	~xMOVISTAR_05DEx~ 08:6a:0a:61:05:e1 -85	~xLucasx~ d4:7b:b0:85:1d:c4 -91	~xTP-LINK_9D7Cx~ 84:16:f9:ff:9d:7c -90	~xRODOLFOx~ 94:e8:c5:3c:2d:10 -91	
~xARACELLI1x~ 90:48:9a:b0:cd:4b -65	~xWLAN_0310x~ f0:f2:49:30:03:18 -41	~xAASC1x~ e8:d1:1b:b7:f1:a9 -72	~xARRIS-5EB2x~ 98:6b:3d:bf:5e:b0 -83	~xHogar Ilimitado Entelx~ 54:09:55:db:1e:e2 -88	~xTP-LINK_5B8282x~ e8:94:f6:5b:82:82 -90	~xWLAN_6DDBx~ e6:ed:c7:7e:33:29 -89	~xMOVISTAR WIFI5584x~ f0:ee:10:6a:fa:16 -86	~xMOVISTAR_05DEx~ 08:6a:0a:61:05:e1 -90	~xLucasx~ d4:7b:b0:85:1d:c4 -91	~xTP-LINK_9D7Cx~ 84:16:f9:ff:9d:7c -90	~xRODOLFOx~ 94:e8:c5:3c:2d:10 -91	~xARRIS-2522x~ a4:15:88:91:25:20 -89	
~xARACELLI1x~ 90:48:9a:b0:cd:4b -65	~xWLAN_0310x~ f0:f2:49:30:03:18 -41	~xAASC1x~ e8:d1:1b:b7:f1:a9 -72	~xARRIS-5EB2x~ 98:6b:3d:bf:5e:b0 -83	~xHogar Ilimitado Entelx~ 54:09:55:db:1e:e2 -88	~xTP-LINK_5B8282x~ e8:94:f6:5b:82:82 -90	~xWLAN_6DDBx~ e6:ed:c7:7e:33:29 -89	~xMOVISTAR WIFI5584x~ f0:ee:10:6a:fa:16 -86	~xMOVISTAR_05DEx~ 08:6a:0a:61:05:e1 -90	~xLucasx~ d4:7b:b0:85:1d:c4 -91	~xTP-LINK_9D7Cx~ 84:16:f9:ff:9d:7c -90	~xRODOLFOx~ 94:e8:c5:3c:2d:10 -91	~xARRIS-2522x~ a4:15:88:91:25:20 -89	
~xARACELLI1x~ 90:48:9a:b0:cd:4b -65	~xWLAN_0310x~ f0:f2:49:30:03:18 -41	~xAASC1x~ e8:d1:1b:b7:f1:a9 -72	~xARRIS-5EB2x~ 98:6b:3d:bf:5e:b0 -83	~xHogar Ilimitado Entelx~ 54:09:55:db:1e:e2 -88	~xTP-LINK_5B8282x~ e8:94:f6:5b:82:82 -90	~xWLAN_6DDBx~ e6:ed:c7:7e:33:29 -89	~xMOVISTAR WIFI5584x~ f0:ee:10:6a:fa:16 -86	~xMOVISTAR_05DEx~ 08:6a:0a:61:05:e1 -90	~xLucasx~ d4:7b:b0:85:1d:c4 -91	~xTP-LINK_9D7Cx~ 84:16:f9:ff:9d:7c -90	~xRODOLFOx~ 94:e8:c5:3c:2d:10 -91	~xARRIS-2522x~ a4:15:88:91:25:20 -89	
~xARACELLI1x~ 90:48:9a:b0:cd:4b -65	~xWLAN_0310x~ f0:f2:49:30:03:18 -33	~xAASC1x~ e8:d1:1b:b7:f1:a9 -69	~xARRIS-5EB2x~ 98:6b:3d:bf:5e:b0 -83	~xTP-LINK_5B8282x~ e8:94:f6:5b:82:82 -90	~xWLAN_6DDBx~ e6:ed:c7:7e:33:29 -88	~xMOVISTAR WIFI5584x~ f0:ee:10:6a:fa:16 -85	~xMOVISTAR_05DEx~ 08:6a:0a:61:05:e1 -90	~xLucasx~ d4:7b:b0:85:1d:c4 -91	~xTP-LINK_9D7Cx~ 84:16:f9:ff:9d:7c -90	~xRODOLFOx~ 94:e8:c5:3c:2d:10 -88	~xARRIS-2522x~ a4:15:88:91:25:20 -89	~xx~ 24:a4:3c:4f:1b:fa -87	
~xARACELLI1x~ 90:48:9a:b0:cd:4b -65	~xWLAN_0310x~ f0:f2:49:30:03:18 -33	~xAASC1x~ e8:d1:1b:b7:f1:a9 -69	~xARRIS-5EB2x~ 98:6b:3d:bf:5e:b0 -83	~xTP-LINK_5B8282x~ e8:94:f6:5b:82:82 -90	~xWLAN_6DDBx~ e6:ed:c7:7e:33:29 -88	~xMOVISTAR WIFI5584x~ f0:ee:10:6a:fa:16 -85	~xMOVISTAR_05DEx~ 08:6a:0a:61:05:e1 -90	~xLucasx~ d4:7b:b0:85:1d:c4 -91	~xTP-LINK_9D7Cx~ 84:16:f9:ff:9d:7c -90	~xRODOLFOx~ 94:e8:c5:3c:2d:10 -88	~xARRIS-2522x~ a4:15:88:91:25:20 -89	~xx~ 24:a4:3c:4f:1b:fa -87	
~xARACELLI1x~ 90:48:9a:b0:cd:4b -65	~xWLAN_0310x~ f0:f2:49:30:03:18 -33	~xAASC1x~ e8:d1:1b:b7:f1:a9 -69	~xARRIS-5EB2x~ 98:6b:3d:bf:5e:b0 -83	~xTP-LINK_5B8282x~ e8:94:f6:5b:82:82 -90	~xWLAN_6DDBx~ e6:ed:c7:7e:33:29 -88	~xMOVISTAR WIFI5584x~ f0:ee:10:6a:fa:16 -85	~xMOVISTAR_05DEx~ 08:6a:0a:61:05:e1 -90	~xLucasx~ d4:7b:b0:85:1d:c4 -91	~xTP-LINK_9D7Cx~ 84:16:f9:ff:9d:7c -90	~xRODOLFOx~ 94:e8:c5:3c:2d:10 -88	~xARRIS-2522x~ a4:15:88:91:25:20 -89	~xx~ 24:a4:3c:4f:1b:fa -87	
~xARACELLI1x~ 90:48:9a:b0:cd:4b -65	~xWLAN_0310x~ f0:f2:49:30:03:18 -33	~xAASC1x~ e8:d1:1b:b7:f1:a9 -69	~xARRIS-5EB2x~ 98:6b:3d:bf:5e:b0 -83	~xTP-LINK_5B8282x~ e8:94:f6:5b:82:82 -90	~xWLAN_6DDBx~ e6:ed:c7:7e:33:29 -88	~xMOVISTAR WIFI5584x~ f0:ee:10:6a:fa:16 -85	~xMOVISTAR_05DEx~ 08:6a:0a:61:05:e1 -90	~xLucasx~ d4:7b:b0:85:1d:c4 -91	~xTP-LINK_9D7Cx~ 84:16:f9:ff:9d:7c -90	~xRODOLFOx~ 94:e8:c5:3c:2d:10 -88	~xARRIS-2522x~ a4:15:88:91:25:20 -89	~xx~ 24:a4:3c:4f:1b:fa -87	
~xARACELLI1x~ 90:48:9a:b0:cd:4b -65	~xWLAN_0310x~ f0:f2:49:30:03:18 -49	~xAASC1x~ e8:d1:1b:b7:f1:a9 -66	~xARRIS-5EB2x~ 98:6b:3d:bf:5e:b0 -83	~xTP-LINK_5B8282x~ e8:94:f6:5b:82:82 -90	~xWLAN_6DDBx~ e6:ed:c7:7e:33:29 -89	~xMOVISTAR WIFI5584x~ f0:ee:10:6a:fa:16 -85	~xMOVISTAR_05DEx~ 08:6a:0a:61:05:e1 -90	~xLucasx~ d4:7b:b0:85:1d:c4 -91	~xTP-LINK_9D7Cx~ 84:16:f9:ff:9d:7c -90	~xRODOLFOx~ 94:e8:c5:3c:2d:10 -88	~xARRIS-2522x~ a4:15:88:91:25:20 -89	~xx~ 24:a4:3c:4f:1b:fa -88	
~xARACELLI1x~ 90:48:9a:b0:cd:4b -65	~xWLAN_0310x~ f0:f2:49:30:03:18 -49	~xAASC1x~ e8:d1:1b:b7:f1:a9 -66	~xARRIS-5EB2x~ 98:6b:3d:bf:5e:b0 -83	~xTP-LINK_5B8282x~ e8:94:f6:5b:82:82 -90	~xWLAN_6DDBx~ e6:ed:c7:7e:33:29 -89	~xMOVISTAR WIFI5584x~ f0:ee:10:6a:fa:16 -85	~xMOVISTAR_05DEx~ 08:6a:0a:61:05:e1 -90	~xLucasx~ d4:7b:b0:85:1d:c4 -91	~xTP-LINK_9D7Cx~ 84:16:f9:ff:9d:7c -90	~xRODOLFOx~ 94:e8:c5:3c:2d:10 -88	~xARRIS-2522x~ a4:15:88:91:25:20 -89	~xx~ 24:a4:3c:4f:1b:fa -88	
~xARACELLI1x~ 90:48:9a:b0:cd:4b -65	~xWLAN_0310x~ f0:f2:49:30:03:18 -49	~xAASC1x~ e8:d1:1b:b7:f1:a9 -66	~xARRIS-5EB2x~ 98:6b:3d:bf:5e:b0 -83	~xTP-LINK_5B8282x~ e8:94:f6:5b:82:82 -90	~xWLAN_6DDBx~ e6:ed:c7:7e:33:29 -89	~xMOVISTAR WIFI5584x~ f0:ee:10:6a:fa:16 -85	~xMOVISTAR_05DEx~ 08:6a:0a:61:05:e1 -90	~xLucasx~ d4:7b:b0:85:1d:c4 -91	~xTP-LINK_9D7Cx~ 84:16:f9:ff:9d:7c -90	~xRODOLFOx~ 94:e8:c5:3c:2d:10 -88	~xARRIS-2522x~ a4:15:88:91:25:20 -89	~xx~ 24:a4:3c:4f:1b:fa -88	
~xARACELLI1x~ 90:48:9a:b0:cd:4b -64	~xWLAN_0310x~ f0:f2:49:30:03:18 -46	~xAASC1x~ e8:d1:1b:b7:f1:a9 -72	~xARRIS-5EB2x~ 98:6b:3d:bf:5e:b0 -79	~xTP-LINK_5B8282x~ e8:94:f6:5b:82:82 -90	~xWLAN_6DDBx~ e6:ed:c7:7e:33:29 -88	~xMOVISTAR WIFI5584x~ f0:ee:10:6a:fa:16 -85	~xMOVISTAR_05DEx~ 08:6a:0a:61:05:e1 -87	~xLucasx~ d4:7b:b0:85:1d:c4 -91	~xTP-LINK_9D7Cx~ 84:16:f9:ff:9d:7c -90	~xRODOLFOx~ 94:e8:c5:3c:2d:10 -88	~xARRIS-2522x~ a4:15:88:91:25:20 -89	~xx~ 24:a4:3c:4f:1b:fa -88	~xHogar Ilimitado Entelx~ 54:09:55:db:1e:e2 -89	
~xARACELLI1x~ 90:48:9a:b0:cd:4b -64	~xWLAN_0310x~ f0:f2:49:30:03:18 -46	~xAASC1x~ e8:d1:1b:b7:f1:a9 -72	~xARRIS-5EB2x~ 98:6b:3d:bf:5e:b0 -79	~xTP-LINK_5B8282x~ e8:94:f6:5b:82:82 -90	~xWLAN_6DDBx~ e6:ed:c7:7e:33:29 -88	~xMOVISTAR WIFI5584x~ f0:ee:10:6a:fa:16 -85	~xMOVISTAR_05DEx~ 08:6a:0a:61:05:e1 -87	~xLucasx~ d4:7b:b0:85:1d:c4 -91	~xTP-LINK_9D7Cx~ 84:16:f9:ff:9d:7c -90	~xRODOLFOx~ 94:e8:c5:3c:2d:10 -88	~xARRIS-2522x~ a4:15:88:91:25:20 -89	~xx~ 24:a4:3c:4f:1b:fa -88	~xHogar Ilimitado Entelx~ 54:09:55:db:1e:e2 -89	
~xARACELLI1x~ 90:48:9a:b0:cd:4b -64	~xWLAN_0310x~ f0:f2:49:30:03:18 -46	~xAASC1x~ e8:d1:1b:b7:f1:a9 -72	~xARRIS-5EB2x~ 98:6b:3d:bf:5e:b0 -79	~xTP-LINK_5B8282x~ e8:94:f6:5b:82:82 -90	~xWLAN_6DDBx~ e6:ed:c7:7e:33:29 -88	~xMOVISTAR WIFI5584x~ f0:ee:10:6a:fa:16 -85	~xMOVISTAR_05DEx~ 08:6a:0a:61:05:e1 -87	~xLucasx~ d4:7b:b0:85:1d:c4 -91	~xTP-LINK_9D7Cx~ 84:16:f9:ff:9d:7c -90	~xRODOLFOx~ 94:e8:c5:3c:2d:10 -88	~xARRIS-2522x~ a4:15:88:91:25:20 -89	~xx~ 24:a4:3c:4f:1b:fa -88	~xHogar Ilimitado Entelx~ 54:09:55:db:1e:e2 -89	
~xARACELLI1x~ 90:48:9a:b0:cd:4b -64	~xWLAN_0310x~ f0:f2:49:30:03:18 -46	~xAASC1x~ e8:d1:1b:b7:f1:a9 -72	~xARRIS-5EB2x~ 98:6b:3d:bf:5e:b0 -79	~xTP-LINK_5B8282x~ e8:94:f6:5b:82:82 -90	~xWLAN_6DDBx~ e6:ed:c7:7e:33:29 -88	~xMOVISTAR WIFI5584x~ f0:ee:10:6a:fa:16 -85	~xMOVISTAR_05DEx~ 08:6a:0a:61:05:e1 -87	~xLucasx~ d4:7b:b0:85:1d:c4 -91	~xTP-LINK_9D7Cx~ 84:16:f9:ff:9d:7c -90	~xRODOLFOx~ 94:e8:c5:3c:2d:10 -88	~xARRIS-2522x~ a4:15:88:91:25:20 -89	~xx~ 24:a4:3c:4f:1b:fa -88	~xHogar Ilimitado Entelx~ 54:09:55:db:1e:e2 -89	
~xARACELLI1x~ 90:48:9a:b0:cd:4b -60	~xWLAN_0310x~ f0:f2:49:30:03:18 -49	~xAASC1x~ e8:d1:1b:b7:f1:a9 -65	~xARRIS-5EB2x~ 98:6b:3d:bf:5e:b0 -88	~xTP-LINK_5B8282x~ e8:94:f6:5b:82:82 -90	~xWLAN_6DDBx~ e6:ed:c7:7e:33:29 -88	~xMOVISTAR WIFI5584x~ f0:ee:10:6a:fa:16 -89	~xMOVISTAR_05DEx~ 08:6a:0a:61:05:e1 -84	~xRODOLFOx~ 94:e8:c5:3c:2d:10 -88	~xARRIS-2522x~ a4:15:88:91:25:20 -89	~xx~ 24:a4:3c:4f:1b:fa -88	~xHogar Ilimitado Entelx~ 54:09:55:db:1e:e2 -89	~xWLAN_4673x~ d0:84:b0:fc:46:79 -84	
~xARACELLI1x~ 90:48:9a:b0:cd:4b -60	~xWLAN_0310x~ f0:f2:49:30:03:18 -49	~xAASC1x~ e8:d1:1b:b7:f1:a9 -65	~xARRIS-5EB2x~ 98:6b:3d:bf:5e:b0 -88	~xTP-LINK_5B8282x~ e8:94:f6:5b:82:82 -90	~xWLAN_6DDBx~ e6:ed:c7:7e:33:29 -88	~xMOVISTAR WIFI5584x~ f0:ee:10:6a:fa:16 -89	~xMOVISTAR_05DEx~ 08:6a:0a:61:05:e1 -84	~xRODOLFOx~ 94:e8:c5:3c:2d:10 -88	~xARRIS-2522x~ a4:15:88:91:25:20 -89	~xx~ 24:a4:3c:4f:1b:fa -88	~xHogar Ilimitado Entelx~ 54:09:55:db:1e:e2 -89	~xWLAN_4673x~ d0:84:b0:fc:46:79 -84	
~xARACELLI1x~ 90:48:9a:b0:cd:4b -60	~xWLAN_0310x~ f0:f2:49:30:03:18 -49	~xAASC1x~ e8:d1:1b:b7:f1:a9 -65	~xARRIS-5EB2x~ 98:6b:3d:bf:5e:b0 -88	~xTP-LINK_5B8282x~ e8:94:f6:5b:82:82 -90	~xWLAN_6DDBx~ e6:ed:c7:7e:33:29 -88	~xMOVISTAR WIFI5584x~ f0:ee:10:6a:fa:16 -89	~xMOVISTAR_05DEx~ 08:6a:0a:61:05:e1 -84	~xRODOLFOx~ 94:e8:c5:3c:2d:10 -88	~xARRIS-2522x~ a4:15:88:91:25:20 -89	~xx~ 24:a4:3c:4f:1b:fa -88	~xHogar Ilimitado Entelx~ 54:09:55:db:1e:e2 -89	~xWLAN_4673x~ d0:84:b0:fc:46:79 -84	
~xARACELLI1x~ 90:48:9a:b0:cd:4b -58	~xWLAN_0310x~ f0:f2:49:30:03:18 -43	~xAASC1x~ e8:d1:1b:b7:f1:a9 -69	~xARRIS-5EB2x~ 98:6b:3d:bf:5e:b0 -85	~xTP-LINK_5B8282x~ e8:94:f6:5b:82:82 -90	~xWLAN_6DDBx~ e6:ed:c7:7e:33:29 -88	~xMOVISTAR WIFI5584x~ f0:ee:10:6a:fa:16 -89	~xMOVISTAR_05DEx~ 08:6a:0a:61:05:e1 -84	~xRODOLFOx~ 94:e8:c5:3c:2d:10 -88	~xx~ 24:a4:3c:4f:1b:fa -88	~xHogar Ilimitado Entelx~ 54:09:55:db:1e:e2 -89	~xWLAN_4673x~ d0:84:b0:fc:46:79 -84	
~xARACELLI1x~ 90:48:9a:b0:cd:4b -58	~xWLAN_0310x~ f0:f2:49:30:03:18 -43	~xAASC1x~ e8:d1:1b:b7:f1:a9 -69	~xARRIS-5EB2x~ 98:6b:3d:bf:5e:b0 -85	~xTP-LINK_5B8282x~ e8:94:f6:5b:82:82 -90	~xWLAN_6DDBx~ e6:ed:c7:7e:33:29 -88	~xMOVISTAR WIFI5584x~ f0:ee:10:6a:fa:16 -89	~xMOVISTAR_05DEx~ 08:6a:0a:61:05:e1 -84	~xRODOLFOx~ 94:e8:c5:3c:2d:10 -88	~xx~ 24:a4:3c:4f:1b:fa -88	~xHogar Ilimitado Entelx~ 54:09:55:db:1e:e2 -89	~xWLAN_4673x~ d0:84:b0:fc:46:79 -84	
~xARACELLI1x~ 90:48:9a:b0:cd:4b -58	~xWLAN_0310x~ f0:f2:49:30:03:18 -43	~xAASC1x~ e8:d1:1b:b7:f1:a9 -69	~xARRIS-5EB2x~ 98:6b:3d:bf:5e:b0 -85	~xTP-LINK_5B8282x~ e8:94:f6:5b:82:82 -90	~xWLAN_6DDBx~ e6:ed:c7:7e:33:29 -88	~xMOVISTAR WIFI5584x~ f0:ee:10:6a:fa:16 -89	~xMOVISTAR_05DEx~ 08:6a:0a:61:05:e1 -84	~xRODOLFOx~ 94:e8:c5:3c:2d:10 -88	~xx~ 24:a4:3c:4f:1b:fa -88	~xHogar Ilimitado Entelx~ 54:09:55:db:1e:e2 -89	~xWLAN_4673x~ d0:84:b0:fc:46:79 -84	
~xARACELLI1x~ 90:48:9a:b0:cd:4b -70	~xWLAN_0310x~ f0:f2:49:30:03:18 -39	~xAASC1x~ e8:d1:1b:b7:f1:a9 -66	~xARRIS-5EB2x~ 98:6b:3d:bf:5e:b0 -85	~xTP-LINK_5B8282x~ e8:94:f6:5b:82:82 -86	~xWLAN_6DDBx~ e6:ed:c7:7e:33:29 -88	~xMOVISTAR WIFI5584x~ f0:ee:10:6a:fa:16 -89	~xMOVISTAR_05DEx~ 08:6a:0a:61:05:e1 -84	~xx~ 24:a4:3c:4f:1b:fa -88	~xHogar Ilimitado Entelx~ 54:09:55:db:1e:e2 -89	~xWLAN_4673x~ d0:84:b0:fc:46:79 -84	
~xARACELLI1x~ 90:48:9a:b0:cd:4b -70	~xWLAN_0310x~ f0:f2:49:30:03:18 -39	~xAASC1x~ e8:d1:1b:b7:f1:a9 -66	~xARRIS-5EB2x~ 98:6b:3d:bf:5e:b0 -85	~xTP-LINK_5B8282x~ e8:94:f6:5b:82:82 -86	~xWLAN_6DDBx~ e6:ed:c7:7e:33:29 -88	~xMOVISTAR WIFI5584x~ f0:ee:10:6a:fa:16 -89	~xMOVISTAR_05DEx~ 08:6a:0a:61:05:e1 -84	~xx~ 24:a4:3c:4f:1b:fa -88	~xHogar Ilimitado Entelx~ 54:09:55:db:1e:e2 -89	~xWLAN_4673x~ d0:84:b0:fc:46:79 -84	
~xARACELLI1x~ 90:48:9a:b0:cd:4b -70	~xWLAN_0310x~ f0:f2:49:30:03:18 -39	~xAASC1x~ e8:d1:1b:b7:f1:a9 -66	~xARRIS-5EB2x~ 98:6b:3d:bf:5e:b0 -85	~xTP-LINK_5B8282x~ e8:94:f6:5b:82:82 -86	~xWLAN_6DDBx~ e6:ed:c7:7e:33:29 -88	~xMOVISTAR WIFI5584x~ f0:ee:10:6a:fa:16 -89	~xMOVISTAR_05DEx~ 08:6a:0a:61:05:e1 -84	~xx~ 24:a4:3c:4f:1b:fa -88	~xHogar Ilimitado Entelx~ 54:09:55:db:1e:e2 -89	~xWLAN_4673x~ d0:84:b0:fc:46:79 -84	
~xARACELLI1x~ 90:48:9a:b0:cd:4b -71	~xWLAN_0310x~ f0:f2:49:30:03:18 -45	~xAASC1x~ e8:d1:1b:b7:f1:a9 -63	~xARRIS-5EB2x~ 98:6b:3d:bf:5e:b0 -85	~xTP-LINK_5B8282x~ e8:94:f6:5b:82:82 -86	~xWLAN_6DDBx~ e6:ed:c7:7e:33:29 -90	~xMOVISTAR WIFI5584x~ f0:ee:10:6a:fa:16 -89	~xMOVISTAR_05DEx~ 08:6a:0a:61:05:e1 -84	~xx~ 24:a4:3c:4f:1b:fa -88	~xHogar Ilimitado Entelx~ 54:09:55:db:1e:e2 -89	~xWLAN_4673x~ d0:84:b0:fc:46:79 -84	
~xARACELLI1x~ 90:48:9a:b0:cd:4b -71	~xWLAN_0310x~ f0:f2:49:30:03:18 -45	~xAASC1x~ e8:d1:1b:b7:f1:a9 -63	~xARRIS-5EB2x~ 98:6b:3d:bf:5e:b0 -85	~xTP-LINK_5B8282x~ e8:94:f6:5b:82:82 -86	~xWLAN_6DDBx~ e6:ed:c7:7e:33:29 -90	~xMOVISTAR WIFI5584x~ f0:ee:10:6a:fa:16 -89	~xMOVISTAR_05DEx~ 08:6a:0a:61:05:e1 -84	~xx~ 24:a4:3c:4f:1b:fa -88	~xHogar Ilimitado Entelx~ 54:09:55:db:1e:e2 -89	~xWLAN_4673x~ d0:84:b0:fc:46:79 -84	
~xARACELLI1x~ 90:48:9a:b0:cd:4b -71	~xWLAN_0310x~ f0:f2:49:30:03:18 -45	~xAASC1x~ e8:d1:1b:b7:f1:a9 -63	~xARRIS-5EB2x~ 98:6b:3d:bf:5e:b0 -85	~xTP-LINK_5B8282x~ e8:94:f6:5b:82:82 -86	~xWLAN_6DDBx~ e6:ed:c7:7e:33:29 -90	~xMOVISTAR WIFI5584x~ f0:ee:10:6a:fa:16 -89	~xMOVISTAR_05DEx~ 08:6a:0a:61:05:e1 -84	~xx~ 24:a4:3c:4f:1b:fa -88	~xHogar Ilimitado Entelx~ 54:09:55:db:1e:e2 -89	~xWLAN_4673x~ d0:84:b0:fc:46:79 -84	
~xARACELLI1x~ 90:48:9a:b0:cd:4b -60	~xWLAN_0310x~ f0:f2:49:30:03:18 -46	~xAASC1x~ e8:d1:1b:b7:f1:a9 -73	~xARRIS-5EB2x~ 98:6b:3d:bf:5e:b0 -85	~xTP-LINK_5B8282x~ e8:94:f6:5b:82:82 -86	~xWLAN_6DDBx~ e6:ed:c7:7e:33:29 -91	~xMOVISTAR WIFI5584x~ f0:ee:10:6a:fa:16 -90	~xMOVISTAR_05DEx~ 08:6a:0a:61:05:e1 -84	~xx~ 24:a4:3c:4f:1b:fa -88	~xHogar Ilimitado Entelx~ 54:09:55:db:1e:e2 -89	~xWLAN_4673x~ d0:84:b0:fc:46:79 -84	
~xARACELLI1x~ 90:48:9a:b0:cd:4b -60	~xWLAN_0310x~ f0:f2:49:30:03:18 -46	~xAASC1x~ e8:d1:1b:b7:f1:a9 -73	~xARRIS-5EB2x~ 98:6b:3d:bf:5e:b0 -85	~xTP-LINK_5B8282x~ e8:94:f6:5b:82:82 -86	~xWLAN_6DDBx~ e6:ed:c7:7e:33:29 -91	~xMOVISTAR WIFI5584x~ f0:ee:10:6a:fa:16 -90	~xMOVISTAR_05DEx~ 08:6a:0a:61:05:e1 -84	~xx~ 24:a4:3c:4f:1b:fa -88	~xHogar Ilimitado Entelx~ 54:09:55:db:1e:e2 -89	~xWLAN_4673x~ d0:84:b0:fc:46:79 -84	
~xARACELLI1x~ 90:48:9a:b0:cd:4b -59	~xWLAN_0310x~ f0:f2:49:30:03:18 -47	~xAASC1x~ e8:d1:1b:b7:f1:a9 -71	~xARRIS-5EB2x~ 98:6b:3d:bf:5e:b0 -88	~xTP-LINK_5B8282x~ e8:94:f6:5b:82:82 -86	~xWLAN_6DDBx~ e6:ed:c7:7e:33:29 -91	~xMOVISTAR WIFI5584x~ f0:ee:10:6a:fa:16 -88	~xMOVISTAR_05DEx~ 08:6a:0a:61:05:e1 -90	~xx~ 24:a4:3c:4f:1b:fa -88	~xHogar Ilimitado Entelx~ 54:09:55:db:1e:e2 -89	~xTP-LINK_9D7Cx~ 84:16:f9:ff:9d:7c -90	
~xARACELLI1x~ 90:48:9a:b0:cd:4b -59	~xWLAN_0310x~ f0:f2:49:30:03:18 -47	~xAASC1x~ e8:d1:1b:b7:f1:a9 -71	~xARRIS-5EB2x~ 98:6b:3d:bf:5e:b0 -88	~xTP-LINK_5B8282x~ e8:94:f6:5b:82:82 -86	~xWLAN_6DDBx~ e6:ed:c7:7e:33:29 -91	~xMOVISTAR WIFI5584x~ f0:ee:10:6a:fa:16 -88	~xMOVISTAR_05DEx~ 08:6a:0a:61:05:e1 -90	~xx~ 24:a4:3c:4f:1b:fa -88	~xHogar Ilimitado Entelx~ 54:09:55:db:1e:e2 -89	~xTP-LINK_9D7Cx~ 84:16:f9:ff:9d:7c -90	
~xARACELLI1x~ 90:48:9a:b0:cd:4b -59	~xWLAN_0310x~ f0:f2:49:30:03:18 -47	~xAASC1x~ e8:d1:1b:b7:f1:a9 -71	~xARRIS-5EB2x~ 98:6b:3d:bf:5e:b0 -88	~xTP-LINK_5B8282x~ e8:94:f6:5b:82:82 -86	~xWLAN_6DDBx~ e6:ed:c7:7e:33:29 -91	~xMOVISTAR WIFI5584x~ f0:ee:10:6a:fa:16 -88	~xMOVISTAR_05DEx~ 08:6a:0a:61:05:e1 -90	~xx~ 24:a4:3c:4f:1b:fa -88	~xHogar Ilimitado Entelx~ 54:09:55:db:1e:e2 -89	~xTP-LINK_9D7Cx~ 84:16:f9:ff:9d:7c -90	
~xARACELLI1x~ 90:48:9a:b0:cd:4b -62	~xWLAN_0310x~ f0:f2:49:30:03:18 -40	~xAASC1x~ e8:d1:1b:b7:f1:a9 -67	~xARRIS-5EB2x~ 98:6b:3d:bf:5e:b0 -88	~xTP-LINK_5B8282x~ e8:94:f6:5b:82:82 -86	~xWLAN_6DDBx~ e6:ed:c7:7e:33:29 -91	~xMOVISTAR WIFI5584x~ f0:ee:10:6a:fa:16 -88	~xMOVISTAR_05DEx~ 08:6a:0a:61:05:e1 -87	~xx~ 24:a4:3c:4f:1b:fa -88	~xHogar Ilimitado Entelx~ 54:09:55:db:1e:e2 -89	~xTP-LINK_9D7Cx~ 84:16:f9:ff:9d:7c -90	~xMOVISTAR_EB90x~ fc:5a:1d:25:eb:98 -91	
~xARACELLI1x~ 90:48:9a:b0:cd:4b -62	~xWLAN_0310x~ f0:f2:49:30:03:18 -40	~xAASC1x~ e8:d1:1b:b7:f1:a9 -67	~xARRIS-5EB2x~ 98:6b:3d:bf:5e:b0 -88	~xTP-LINK_5B8282x~ e8:94:f6:5b:82:82 -86	~xWLAN_6DDBx~ e6:ed:c7:7e:33:29 -91	~xMOVISTAR WIFI5584x~ f0:ee:10:6a:fa:16 -88	~xMOVISTAR_05DEx~ 08:6a:0a:61:05:e1 -87	~xx~ 24:a4:3c:4f:1b:fa -88	~xHogar Ilimitado Entelx~ 54:09:55:db:1e:e2 -89	~xTP-LINK_9D7Cx~ 84:16:f9:ff:9d:7c -90	~xMOVISTAR_EB90x~ fc:5a:1d:25:eb:98 -91	
~xARACELLI1x~ 90:48:9a:b0:cd:4b -62	~xWLAN_0310x~ f0:f2:49:30:03:18 -40	~xAASC1x~ e8:d1:1b:b7:f1:a9 -67	~xARRIS-5EB2x~ 98:6b:3d:bf:5e:b0 -88	~xTP-LINK_5B8282x~ e8:94:f6:5b:82:82 -86	~xWLAN_6DDBx~ e6:ed:c7:7e:33:29 -91	~xMOVISTAR WIFI5584x~ f0:ee:10:6a:fa:16 -88	~xMOVISTAR_05DEx~ 08:6a:0a:61:05:e1 -87	~xx~ 24:a4:3c:4f:1b:fa -88	~xHogar Ilimitado Entelx~ 54:09:55:db:1e:e2 -89	~xTP-LINK_9D7Cx~ 84:16:f9:ff:9d:7c -90	~xMOVISTAR_EB90x~ fc:5a:1d:25:eb:98 -91	
~xARACELLI1x~ 90:48:9a:b0:cd:4b -64	~xWLAN_0310x~ f0:f2:49:30:03:18 -34	~xAASC1x~ e8:d1:1b:b7:f1:a9 -67	~xARRIS-5EB2x~ 98:6b:3d:bf:5e:b0 -90	~xWLAN_6DDBx~ e6:ed:c7:7e:33:29 -87	~xMOVISTAR WIFI5584x~ f0:ee:10:6a:fa:16 -88	~xMOVISTAR_05DEx~ 08:6a:0a:61:05:e1 -85	~xx~ 24:a4:3c:4f:1b:fa -88	~xHogar Ilimitado Entelx~ 54:09:55:db:1e:e2 -87	~xTP-LINK_9D7Cx~ 84:16:f9:ff:9d:7c -90	~xMOVISTAR_EB90x~ fc:5a:1d:25:eb:98 -91	
~xARACELLI1x~ 90:48:9a:b0:cd:4b -64	~xWLAN_0310x~ f0:f2:49:30:03:18 -34	~xAASC1x~ e8:d1:1b:b7:f1:a9 -67	~xARRIS-5EB2x~ 98:6b:3d:bf:5e:b0 -90	~xWLAN_6DDBx~ e6:ed:c7:7e:33:29 -87	~xMOVISTAR WIFI5584x~ f0:ee:10:6a:fa:16 -88	~xMOVISTAR_05DEx~ 08:6a:0a:61:05:e1 -85	~xx~ 24:a4:3c:4f:1b:fa -88	~xHogar Ilimitado Entelx~ 54:09:55:db:1e:e2 -87	~xTP-LINK_9D7Cx~ 84:16:f9:ff:9d:7c -90	~xMOVISTAR_EB90x~ fc:5a:1d:25:eb:98 -91	
~xARACELLI1x~ 90:48:9a:b0:cd:4b -64	~xWLAN_0310x~ f0:f2:49:30:03:18 -34	~xAASC1x~ e8:d1:1b:b7:f1:a9 -67	~xARRIS-5EB2x~ 98:6b:3d:bf:5e:b0 -90	~xWLAN_6DDBx~ e6:ed:c7:7e:33:29 -87	~xMOVISTAR WIFI5584x~ f0:ee:10:6a:fa:16 -88	~xMOVISTAR_05DEx~ 08:6a:0a:61:05:e1 -85	~xx~ 24:a4:3c:4f:1b:fa -88	~xHogar Ilimitado Entelx~ 54:09:55:db:1e:e2 -87	~xTP-LINK_9D7Cx~ 84:16:f9:ff:9d:7c -90	~xMOVISTAR_EB90x~ fc:5a:1d:25:eb:98 -91	
~xARACELLI1x~ 90:48:9a:b0:cd:4b -63	~xWLAN_0310x~ f0:f2:49:30:03:18 -52	~xAASC1x~ e8:d1:1b:b7:f1:a9 -63	~xARRIS-5EB2x~ 98:6b:3d:bf:5e:b0 -79	~xWLAN_6DDBx~ e6:ed:c7:7e:33:29 -85	~xMOVISTAR WIFI5584x~ f0:ee:10:6a:fa:16 -88	~xMOVISTAR_05DEx~ 08:6a:0a:61:05:e1 -85	~xHogar Ilimitado Entelx~ 54:09:55:db:1e:e2 -87	~xTP-LINK_9D7Cx~ 84:16:f9:ff:9d:7c -90	~xMOVISTAR_EB90x~ fc:5a:1d:25:eb:98 -91	~xRODOLFOx~ 94:e8:c5:3c:2d:10 -90	
~xARACELLI1x~ 90:48:9a:b0:cd:4b -63	~xWLAN_0310x~ f0:f2:49:30:03:18 -52	~xAASC1x~ e8:d1:1b:b7:f1:a9 -63	~xARRIS-5EB2x~ 98:6b:3d:bf:5e:b0 -79	~xWLAN_6DDBx~ e6:ed:c7:7e:33:29 -85	~xMOVISTAR WIFI5584x~ f0:ee:10:6a:fa:16 -88	~xMOVISTAR_05DEx~ 08:6a:0a:61:05:e1 -85	~xHogar Ilimitado Entelx~ 54:09:55:db:1e:e2 -87	~xTP-LINK_9D7Cx~ 84:16:f9:ff:9d:7c -90	~xMOVISTAR_EB90x~ fc:5a:1d:25:eb:98 -91	~xRODOLFOx~ 94:e8:c5:3c:2d:10 -90	
~xARACELLI1x~ 90:48:9a:b0:cd:4b -63	~xWLAN_0310x~ f0:f2:49:30:03:18 -52	~xAASC1x~ e8:d1:1b:b7:f1:a9 -63	~xARRIS-5EB2x~ 98:6b:3d:bf:5e:b0 -79	~xWLAN_6DDBx~ e6:ed:c7:7e:33:29 -85	~xMOVISTAR WIFI5584x~ f0:ee:10:6a:fa:16 -88	~xMOVISTAR_05DEx~ 08:6a:0a:61:05:e1 -85	~xHogar Ilimitado Entelx~ 54:09:55:db:1e:e2 -87	~xTP-LINK_9D7Cx~ 84:16:f9:ff:9d:7c -90	~xMOVISTAR_EB90x~ fc:5a:1d:25:eb:98 -91	~xRODOLFOx~ 94:e8:c5:3c:2d:10 -90	
~xARACELLI1x~ 90:48:9a:b0:cd:4b -63	~xWLAN_0310x~ f0:f2:49:30:03:18 -47	~xAASC1x~ e8:d1:1b:b7:f1:a9 -65	~xARRIS-5EB2x~ 98:6b:3d:bf:5e:b0 -79	~xWLAN_6DDBx~ e6:ed:c7:7e:33:29 -88	~xMOVISTAR WIFI5584x~ f0:ee:10:6a:fa:16 -88	~xMOVISTAR_05DEx~ 08:6a:0a:61:05:e1 -85	~xHogar Ilimitado Entelx~ 54:09:55:db:1e:e2 -87	~xTP-LINK_9D7Cx~ 84:16:f9:ff:9d:7c -90	~xMOVISTAR_EB90x~ fc:5a:1d:25:eb:98 -91	~xRODOLFOx~ 94:e8:c5:3c:2d:10 -90	~xDIRECT-Dn[TV]familianavax~ 4a:44:f7:9b:28:31 -87	~xTP-LINK_5B8282x~ e8:94:f6:5b:82:82 -88	
~xARACELLI1x~ 90:48:9a:b0:cd:4b -63	~xWLAN_0310x~ f0:f2:49:30:03:18 -47	~xAASC1x~ e8:d1:1b:b7:f1:a9 -65	~xARRIS-5EB2x~ 98:6b:3d:bf:5e:b0 -79	~xWLAN_6DDBx~ e6:ed:c7:7e:33:29 -88	~xMOVISTAR WIFI5584x~ f0:ee:10:6a:fa:16 -88	~xMOVISTAR_05DEx~ 08:6a:0a:61:05:e1 -85	~xHogar Ilimitado Entelx~ 54:09:55:db:1e:e2 -87	~xTP-LINK_9D7Cx~ 84:16:f9:ff:9d:7c -90	~xMOVISTAR_EB90x~ fc:5a:1d:25:eb:98 -91	~xRODOLFOx~ 94:e8:c5:3c:2d:10 -90	~xDIRECT-Dn[TV]familianavax~ 4a:44:f7:9b:28:31 -87	~xTP-LINK_5B8282x~ e8:94:f6:5b:82:82 -88	
~xARACELLI1x~ 90:48:9a:b0:cd:4b -63	~xWLAN_0310x~ f0:f2:49:30:03:18 -47	~xAASC1x~ e8:d1:1b:b7:f1:a9 -65	~xARRIS-5EB2x~ 98:6b:3d:bf:5e:b0 -79	~xWLAN_6DDBx~ e6:ed:c7:7e:33:29 -88	~xMOVISTAR WIFI5584x~ f0:ee:10:6a:fa:16 -88	~xMOVISTAR_05DEx~ 08:6a:0a:61:05:e1 -85	~xHogar Ilimitado Entelx~ 54:09:55:db:1e:e2 -87	~xTP-LINK_9D7Cx~ 84:16:f9:ff:9d:7c -90	~xMOVISTAR_EB90x~ fc:5a:1d:25:eb:98 -91	~xRODOLFOx~ 94:e8:c5:3c:2d:10 -90	~xDIRECT-Dn[TV]familianavax~ 4a:44:f7:9b:28:31 -87	~xTP-LINK_5B8282x~ e8:94:f6:5b:82:82 -88	
~xARACELLI1x~ 90:48:9a:b0:cd:4b -66	~xWLAN_0310x~ f0:f2:49:30:03:18 -51	~xAASC1x~ e8:d1:1b:b7:f1:a9 -63	~xARRIS-5EB2x~ 98:6b:3d:bf:5e:b0 -85	~xWLAN_6DDBx~ e6:ed:c7:7e:33:29 -88	~xMOVISTAR_05DEx~ 08:6a:0a:61:05:e1 -85	~xHogar Ilimitado Entelx~ 54:09:55:db:1e:e2 -88	~xMOVISTAR_EB90x~ fc:5a:1d:25:eb:98 -91	~xRODOLFOx~ 94:e8:c5:3c:2d:10 -90	~xDIRECT-Dn[TV]familianavax~ 4a:44:f7:9b:28:31 -87	~xTP-LINK_5B8282x~ e8:94:f6:5b:82:82 -88	
~xARACELLI1x~ 90:48:9a:b0:cd:4b -66	~xWLAN_0310x~ f0:f2:49:30:03:18 -51	~xAASC1x~ e8:d1:1b:b7:f1:a9 -63	~xARRIS-5EB2x~ 98:6b:3d:bf:5e:b0 -85	~xWLAN_6DDBx~ e6:ed:c7:7e:33:29 -88	~xMOVISTAR_05DEx~ 08:6a:0a:61:05:e1 -85	~xHogar Ilimitado Entelx~ 54:09:55:db:1e:e2 -88	~xMOVISTAR_EB90x~ fc:5a:1d:25:eb:98 -91	~xRODOLFOx~ 94:e8:c5:3c:2d:10 -90	~xDIRECT-Dn[TV]familianavax~ 4a:44:f7:9b:28:31 -87	~xTP-LINK_5B8282x~ e8:94:f6:5b:82:82 -88	
~xARACELLI1x~ 90:48:9a:b0:cd:4b -64	~xWLAN_0310x~ f0:f2:49:30:03:18 -47	~xAASC1x~ e8:d1:1b:b7:f1:a9 -68	~xARRIS-5EB2x~ 98:6b:3d:bf:5e:b0 -85	~xWLAN_6DDBx~ e6:ed:c7:7e:33:29 -88	~xMOVISTAR_05DEx~ 08:6a:0a:61:05:e1 -80	~xHogar Ilimitado Entelx~ 54:09:55:db:1e:e2 -88	~xRODOLFOx~ 94:e8:c5:3c:2d:10 -88	~xDIRECT-Dn[TV]familianavax~ 4a:44:f7:9b:28:31 -87	~xTP-LINK_5B8282x~ e8:94:f6:5b:82:82 -91	
~xARACELLI1x~ 90:48:9a:b0:cd:4b -64	~xWLAN_0310x~ f0:f2:49:30:03:18 -47	~xAASC1x~ e8:d1:1b:b7:f1:a9 -68	~xARRIS-5EB2x~ 98:6b:3d:bf:5e:b0 -85	~xWLAN_6DDBx~ e6:ed:c7:7e:33:29 -88	~xMOVISTAR_05DEx~ 08:6a:0a:61:05:e1 -80	~xHogar Ilimitado Entelx~ 54:09:55:db:1e:e2 -88	~xRODOLFOx~ 94:e8:c5:3c:2d:10 -88	~xDIRECT-Dn[TV]familianavax~ 4a:44:f7:9b:28:31 -87	~xTP-LINK_5B8282x~ e8:94:f6:5b:82:82 -91	
~xARACELLI1x~ 90:48:9a:b0:cd:4b -64	~xWLAN_0310x~ f0:f2:49:30:03:18 -47	~xAASC1x~ e8:d1:1b:b7:f1:a9 -68	~xARRIS-5EB2x~ 98:6b:3d:bf:5e:b0 -85	~xWLAN_6DDBx~ e6:ed:c7:7e:33:29 -88	~xMOVISTAR_05DEx~ 08:6a:0a:61:05:e1 -80	~xHogar Ilimitado Entelx~ 54:09:55:db:1e:e2 -88	~xRODOLFOx~ 94:e8:c5:3c:2d:10 -88	~xDIRECT-Dn[TV]familianavax~ 4a:44:f7:9b:28:31 -87	~xTP-LINK_5B8282x~ e8:94:f6:5b:82:82 -91	
~xARACELLI1x~ 90:48:9a:b0:cd:4b -70	~xWLAN_0310x~ f0:f2:49:30:03:18 -39	~xAASC1x~ e8:d1:1b:b7:f1:a9 -65	~xARRIS-5EB2x~ 98:6b:3d:bf:5e:b0 -85	~xWLAN_6DDBx~ e6:ed:c7:7e:33:29 -88	~xMOVISTAR_05DEx~ 08:6a:0a:61:05:e1 -83	~xHogar Ilimitado Entelx~ 54:09:55:db:1e:e2 -88	~xRODOLFOx~ 94:e8:c5:3c:2d:10 -88	~xDIRECT-Dn[TV]familianavax~ 4a:44:f7:9b:28:31 -87	~xTP-LINK_5B8282x~ e8:94:f6:5b:82:82 -86	~xTP-LINK_9D7Cx~ 84:16:f9:ff:9d:7c -93	
~xARACELLI1x~ 90:48:9a:b0:cd:4b -70	~xWLAN_0310x~ f0:f2:49:30:03:18 -39	~xAASC1x~ e8:d1:1b:b7:f1:a9 -65	~xARRIS-5EB2x~ 98:6b:3d:bf:5e:b0 -85	~xWLAN_6DDBx~ e6:ed:c7:7e:33:29 -88	~xMOVISTAR_05DEx~ 08:6a:0a:61:05:e1 -83	~xHogar Ilimitado Entelx~ 54:09:55:db:1e:e2 -88	~xRODOLFOx~ 94:e8:c5:3c:2d:10 -88	~xDIRECT-Dn[TV]familianavax~ 4a:44:f7:9b:28:31 -87	~xTP-LINK_5B8282x~ e8:94:f6:5b:82:82 -86	~xTP-LINK_9D7Cx~ 84:16:f9:ff:9d:7c -93	
~xARACELLI1x~ 90:48:9a:b0:cd:4b -70	~xWLAN_0310x~ f0:f2:49:30:03:18 -39	~xAASC1x~ e8:d1:1b:b7:f1:a9 -65	~xARRIS-5EB2x~ 98:6b:3d:bf:5e:b0 -85	~xWLAN_6DDBx~ e6:ed:c7:7e:33:29 -88	~xMOVISTAR_05DEx~ 08:6a:0a:61:05:e1 -83	~xHogar Ilimitado Entelx~ 54:09:55:db:1e:e2 -88	~xRODOLFOx~ 94:e8:c5:3c:2d:10 -88	~xDIRECT-Dn[TV]familianavax~ 4a:44:f7:9b:28:31 -87	~xTP-LINK_5B8282x~ e8:94:f6:5b:82:82 -86	~xTP-LINK_9D7Cx~ 84:16:f9:ff:9d:7c -93	
~xARACELLI1x~ 90:48:9a:b0:cd:4b -70	~xWLAN_0310x~ f0:f2:49:30:03:18 -39	~xAASC1x~ e8:d1:1b:b7:f1:a9 -65	~xARRIS-5EB2x~ 98:6b:3d:bf:5e:b0 -85	~xWLAN_6DDBx~ e6:ed:c7:7e:33:29 -88	~xMOVISTAR_05DEx~ 08:6a:0a:61:05:e1 -83	~xHogar Ilimitado Entelx~ 54:09:55:db:1e:e2 -88	~xRODOLFOx~ 94:e8:c5:3c:2d:10 -88	~xDIRECT-Dn[TV]familianavax~ 4a:44:f7:9b:28:31 -87	~xTP-LINK_5B8282x~ e8:94:f6:5b:82:82 -86	~xTP-LINK_9D7Cx~ 84:16:f9:ff:9d:7c -93	
~xARACELLI1x~ 90:48:9a:b0:cd:4b -67	~xWLAN_0310x~ f0:f2:49:30:03:18 -46	~xAASC1x~ e8:d1:1b:b7:f1:a9 -70	~xARRIS-5EB2x~ 98:6b:3d:bf:5e:b0 -88	~xWLAN_6DDBx~ e6:ed:c7:7e:33:29 -88	~xMOVISTAR_05DEx~ 08:6a:0a:61:05:e1 -83	~xHogar Ilimitado Entelx~ 54:09:55:db:1e:e2 -89	~xRODOLFOx~ 94:e8:c5:3c:2d:10 -88	~xDIRECT-Dn[TV]familianavax~ 4a:44:f7:9b:28:31 -87	~xTP-LINK_5B8282x~ e8:94:f6:5b:82:82 -86	~xTP-LINK_9D7Cx~ 84:16:f9:ff:9d:7c -93	~xx~ 24:a4:3c:4f:1b:fa -86	
~xARACELLI1x~ 90:48:9a:b0:cd:4b -67	~xWLAN_0310x~ f0:f2:49:30:03:18 -46	~xAASC1x~ e8:d1:1b:b7:f1:a9 -70	~xARRIS-5EB2x~ 98:6b:3d:bf:5e:b0 -88	~xWLAN_6DDBx~ e6:ed:c7:7e:33:29 -88	~xMOVISTAR_05DEx~ 08:6a:0a:61:05:e1 -83	~xHogar Ilimitado Entelx~ 54:09:55:db:1e:e2 -89	~xRODOLFOx~ 94:e8:c5:3c:2d:10 -88	~xDIRECT-Dn[TV]familianavax~ 4a:44:f7:9b:28:31 -87	~xTP-LINK_5B8282x~ e8:94:f6:5b:82:82 -86	~xTP-LINK_9D7Cx~ 84:16:f9:ff:9d:7c -93	~xx~ 24:a4:3c:4f:1b:fa -86	
~xARACELLI1x~ 90:48:9a:b0:cd:4b -67	~xWLAN_0310x~ f0:f2:49:30:03:18 -46	~xAASC1x~ e8:d1:1b:b7:f1:a9 -70	~xARRIS-5EB2x~ 98:6b:3d:bf:5e:b0 -88	~xWLAN_6DDBx~ e6:ed:c7:7e:33:29 -88	~xMOVISTAR_05DEx~ 08:6a:0a:61:05:e1 -83	~xHogar Ilimitado Entelx~ 54:09:55:db:1e:e2 -89	~xRODOLFOx~ 94:e8:c5:3c:2d:10 -88	~xDIRECT-Dn[TV]familianavax~ 4a:44:f7:9b:28:31 -87	~xTP-LINK_5B8282x~ e8:94:f6:5b:82:82 -86	~xTP-LINK_9D7Cx~ 84:16:f9:ff:9d:7c -93	~xx~ 24:a4:3c:4f:1b:fa -86	
~xARACELLI1x~ 90:48:9a:b0:cd:4b -64	~xWLAN_0310x~ f0:f2:49:30:03:18 -37	~xAASC1x~ e8:d1:1b:b7:f1:a9 -65	~xARRIS-5EB2x~ 98:6b:3d:bf:5e:b0 -82	~xWLAN_6DDBx~ e6:ed:c7:7e:33:29 -88	~xMOVISTAR_05DEx~ 08:6a:0a:61:05:e1 -83	~xHogar Ilimitado Entelx~ 54:09:55:db:1e:e2 -89	~xRODOLFOx~ 94:e8:c5:3c:2d:10 -88	~xTP-LINK_5B8282x~ e8:94:f6:5b:82:82 -86	~xTP-LINK_9D7Cx~ 84:16:f9:ff:9d:7c -93	~xx~ 24:a4:3c:4f:1b:fa -89	~xMOVISTAR_EB90x~ fc:5a:1d:25:eb:98 -89	
~xARACELLI1x~ 90:48:9a:b0:cd:4b -64	~xWLAN_0310x~ f0:f2:49:30:03:18 -37	~xAASC1x~ e8:d1:1b:b7:f1:a9 -65	~xARRIS-5EB2x~ 98:6b:3d:bf:5e:b0 -82	~xWLAN_6DDBx~ e6:ed:c7:7e:33:29 -88	~xMOVISTAR_05DEx~ 08:6a:0a:61:05:e1 -83	~xHogar Ilimitado Entelx~ 54:09:55:db:1e:e2 -89	~xRODOLFOx~ 94:e8:c5:3c:2d:10 -88	~xTP-LINK_5B8282x~ e8:94:f6:5b:82:82 -86	~xTP-LINK_9D7Cx~ 84:16:f9:ff:9d:7c -93	~xx~ 24:a4:3c:4f:1b:fa -89	~xMOVISTAR_EB90x~ fc:5a:1d:25:eb:98 -89	
~xARACELLI1x~ 90:48:9a:b0:cd:4b -64	~xWLAN_0310x~ f0:f2:49:30:03:18 -37	~xAASC1x~ e8:d1:1b:b7:f1:a9 -65	~xARRIS-5EB2x~ 98:6b:3d:bf:5e:b0 -82	~xWLAN_6DDBx~ e6:ed:c7:7e:33:29 -88	~xMOVISTAR_05DEx~ 08:6a:0a:61:05:e1 -83	~xHogar Ilimitado Entelx~ 54:09:55:db:1e:e2 -89	~xRODOLFOx~ 94:e8:c5:3c:2d:10 -88	~xTP-LINK_5B8282x~ e8:94:f6:5b:82:82 -86	~xTP-LINK_9D7Cx~ 84:16:f9:ff:9d:7c -93	~xx~ 24:a4:3c:4f:1b:fa -89	~xMOVISTAR_EB90x~ fc:5a:1d:25:eb:98 -89	
~xARACELLI1x~ 90:48:9a:b0:cd:4b -64	~xWLAN_0310x~ f0:f2:49:30:03:18 -37	~xAASC1x~ e8:d1:1b:b7:f1:a9 -65	~xARRIS-5EB2x~ 98:6b:3d:bf:5e:b0 -82	~xWLAN_6DDBx~ e6:ed:c7:7e:33:29 -88	~xMOVISTAR_05DEx~ 08:6a:0a:61:05:e1 -83	~xHogar Ilimitado Entelx~ 54:09:55:db:1e:e2 -89	~xRODOLFOx~ 94:e8:c5:3c:2d:10 -88	~xTP-LINK_5B8282x~ e8:94:f6:5b:82:82 -86	~xTP-LINK_9D7Cx~ 84:16:f9:ff:9d:7c -93	~xx~ 24:a4:3c:4f:1b:fa -89	~xMOVISTAR_EB90x~ fc:5a:1d:25:eb:98 -89	
~xARACELLI1x~ 90:48:9a:b0:cd:4b -65	~xWLAN_0310x~ f0:f2:49:30:03:18 -45	~xAASC1x~ e8:d1:1b:b7:f1:a9 -64	~xARRIS-5EB2x~ 98:6b:3d:bf:5e:b0 -89	~xWLAN_6DDBx~ e6:ed:c7:7e:33:29 -88	~xMOVISTAR_05DEx~ 08:6a:0a:61:05:e1 -83	~xHogar Ilimitado Entelx~ 54:09:55:db:1e:e2 -89	~xRODOLFOx~ 94:e8:c5:3c:2d:10 -88	~xTP-LINK_5B8282x~ e8:94:f6:5b:82:82 -86	~xTP-LINK_9D7Cx~ 84:16:f9:ff:9d:7c -93	~xx~ 24:a4:3c:4f:1b:fa -89	~xMOVISTAR_EB90x~ fc:5a:1d:25:eb:98 -89	
~xARACELLI1x~ 90:48:9a:b0:cd:4b -65	~xWLAN_0310x~ f0:f2:49:30:03:18 -45	~xAASC1x~ e8:d1:1b:b7:f1:a9 -64	~xARRIS-5EB2x~ 98:6b:3d:bf:5e:b0 -89	~xWLAN_6DDBx~ e6:ed:c7:7e:33:29 -88	~xMOVISTAR_05DEx~ 08:6a:0a:61:05:e1 -83	~xHogar Ilimitado Entelx~ 54:09:55:db:1e:e2 -89	~xRODOLFOx~ 94:e8:c5:3c:2d:10 -88	~xTP-LINK_5B8282x~ e8:94:f6:5b:82:82 -86	~xTP-LINK_9D7Cx~ 84:16:f9:ff:9d:7c -93	~xx~ 24:a4:3c:4f:1b:fa -89	~xMOVISTAR_EB90x~ fc:5a:1d:25:eb:98 -89	
~xARACELLI1x~ 90:48:9a:b0:cd:4b -65	~xWLAN_0310x~ f0:f2:49:30:03:18 -45	~xAASC1x~ e8:d1:1b:b7:f1:a9 -64	~xARRIS-5EB2x~ 98:6b:3d:bf:5e:b0 -89	~xWLAN_6DDBx~ e6:ed:c7:7e:33:29 -88	~xMOVISTAR_05DEx~ 08:6a:0a:61:05:e1 -83	~xHogar Ilimitado Entelx~ 54:09:55:db:1e:e2 -89	~xRODOLFOx~ 94:e8:c5:3c:2d:10 -88	~xTP-LINK_5B8282x~ e8:94:f6:5b:82:82 -86	~xTP-LINK_9D7Cx~ 84:16:f9:ff:9d:7c -93	~xx~ 24:a4:3c:4f:1b:fa -89	~xMOVISTAR_EB90x~ fc:5a:1d:25:eb:98 -89	
~xARACELLI1x~ 90:48:9a:b0:cd:4b -65	~xWLAN_0310x~ f0:f2:49:30:03:18 -45	~xAASC1x~ e8:d1:1b:b7:f1:a9 -64	~xARRIS-5EB2x~ 98:6b:3d:bf:5e:b0 -89	~xWLAN_6DDBx~ e6:ed:c7:7e:33:29 -88	~xMOVISTAR_05DEx~ 08:6a:0a:61:05:e1 -83	~xHogar Ilimitado Entelx~ 54:09:55:db:1e:e2 -89	~xRODOLFOx~ 94:e8:c5:3c:2d:10 -88	~xTP-LINK_5B8282x~ e8:94:f6:5b:82:82 -86	~xTP-LINK_9D7Cx~ 84:16:f9:ff:9d:7c -93	~xx~ 24:a4:3c:4f:1b:fa -89	~xMOVISTAR_EB90x~ fc:5a:1d:25:eb:98 -89	
~xARACELLI1x~ 90:48:9a:b0:cd:4b -61	~xWLAN_0310x~ f0:f2:49:30:03:18 -33	~xAASC1x~ e8:d1:1b:b7:f1:a9 -70	~xARRIS-5EB2x~ 98:6b:3d:bf:5e:b0 -89	~xWLAN_6DDBx~ e6:ed:c7:7e:33:29 -88	~xMOVISTAR_05DEx~ 08:6a:0a:61:05:e1 -83	~xHogar Ilimitado Entelx~ 54:09:55:db:1e:e2 -89	~xRODOLFOx~ 94:e8:c5:3c:2d:10 -86	~xTP-LINK_5B8282x~ e8:94:f6:5b:82:82 -90	~xTP-LINK_9D7Cx~ 84:16:f9:ff:9d:7c -93	~xx~ 24:a4:3c:4f:1b:fa -89	~xMOVISTAR_EB90x~ fc:5a:1d:25:eb:98 -89	
~xARACELLI1x~ 90:48:9a:b0:cd:4b -61	~xWLAN_0310x~ f0:f2:49:30:03:18 -33	~xAASC1x~ e8:d1:1b:b7:f1:a9 -70	~xARRIS-5EB2x~ 98:6b:3d:bf:5e:b0 -89	~xWLAN_6DDBx~ e6:ed:c7:7e:33:29 -88	~xMOVISTAR_05DEx~ 08:6a:0a:61:05:e1 -83	~xHogar Ilimitado Entelx~ 54:09:55:db:1e:e2 -89	~xRODOLFOx~ 94:e8:c5:3c:2d:10 -86	~xTP-LINK_5B8282x~ e8:94:f6:5b:82:82 -90	~xTP-LINK_9D7Cx~ 84:16:f9:ff:9d:7c -93	~xx~ 24:a4:3c:4f:1b:fa -89	~xMOVISTAR_EB90x~ fc:5a:1d:25:eb:98 -89	
~xARACELLI1x~ 90:48:9a:b0:cd:4b -61	~xWLAN_0310x~ f0:f2:49:30:03:18 -33	~xAASC1x~ e8:d1:1b:b7:f1:a9 -70	~xARRIS-5EB2x~ 98:6b:3d:bf:5e:b0 -89	~xWLAN_6DDBx~ e6:ed:c7:7e:33:29 -88	~xMOVISTAR_05DEx~ 08:6a:0a:61:05:e1 -83	~xHogar Ilimitado Entelx~ 54:09:55:db:1e:e2 -89	~xRODOLFOx~ 94:e8:c5:3c:2d:10 -86	~xTP-LINK_5B8282x~ e8:94:f6:5b:82:82 -90	~xTP-LINK_9D7Cx~ 84:16:f9:ff:9d:7c -93	~xx~ 24:a4:3c:4f:1b:fa -89	~xMOVISTAR_EB90x~ fc:5a:1d:25:eb:98 -89	
~xARACELLI1x~ 90:48:9a:b0:cd:4b -61	~xWLAN_0310x~ f0:f2:49:30:03:18 -36	~xAASC1x~ e8:d1:1b:b7:f1:a9 -78	~xARRIS-5EB2x~ 98:6b:3d:bf:5e:b0 -86	~xWLAN_6DDBx~ e6:ed:c7:7e:33:29 -89	~xHogar Ilimitado Entelx~ 54:09:55:db:1e:e2 -89	~xRODOLFOx~ 94:e8:c5:3c:2d:10 -89	~xTP-LINK_5B8282x~ e8:94:f6:5b:82:82 -88	~xx~ 24:a4:3c:4f:1b:fa -89	~xMOVISTAR_EB90x~ fc:5a:1d:25:eb:98 -89	
~xARACELLI1x~ 90:48:9a:b0:cd:4b -61	~xWLAN_0310x~ f0:f2:49:30:03:18 -36	~xAASC1x~ e8:d1:1b:b7:f1:a9 -78	~xARRIS-5EB2x~ 98:6b:3d:bf:5e:b0 -86	~xWLAN_6DDBx~ e6:ed:c7:7e:33:29 -89	~xHogar Ilimitado Entelx~ 54:09:55:db:1e:e2 -89	~xRODOLFOx~ 94:e8:c5:3c:2d:10 -89	~xTP-LINK_5B8282x~ e8:94:f6:5b:82:82 -88	~xx~ 24:a4:3c:4f:1b:fa -89	~xMOVISTAR_EB90x~ fc:5a:1d:25:eb:98 -89	
~xARACELLI1x~ 90:48:9a:b0:cd:4b -61	~xWLAN_0310x~ f0:f2:49:30:03:18 -36	~xAASC1x~ e8:d1:1b:b7:f1:a9 -78	~xARRIS-5EB2x~ 98:6b:3d:bf:5e:b0 -86	~xWLAN_6DDBx~ e6:ed:c7:7e:33:29 -89	~xHogar Ilimitado Entelx~ 54:09:55:db:1e:e2 -89	~xRODOLFOx~ 94:e8:c5:3c:2d:10 -89	~xTP-LINK_5B8282x~ e8:94:f6:5b:82:82 -88	~xx~ 24:a4:3c:4f:1b:fa -89	~xMOVISTAR_EB90x~ fc:5a:1d:25:eb:98 -89	
~xARACELLI1x~ 90:48:9a:b0:cd:4b -61	~xWLAN_0310x~ f0:f2:49:30:03:18 -46	~xAASC1x~ e8:d1:1b:b7:f1:a9 -65	~xARRIS-5EB2x~ 98:6b:3d:bf:5e:b0 -80	~xWLAN_6DDBx~ e6:ed:c7:7e:33:29 -89	~xHogar Ilimitado Entelx~ 54:09:55:db:1e:e2 -89	~xRODOLFOx~ 94:e8:c5:3c:2d:10 -89	~xTP-LINK_5B8282x~ e8:94:f6:5b:82:82 -88	~xx~ 24:a4:3c:4f:1b:fa -89	~xMOVISTAR_EB90x~ fc:5a:1d:25:eb:98 -89	~xWLAN_4673x~ d0:84:b0:fc:46:79 -84	
~xARACELLI1x~ 90:48:9a:b0:cd:4b -61	~xWLAN_0310x~ f0:f2:49:30:03:18 -46	~xAASC1x~ e8:d1:1b:b7:f1:a9 -65	~xARRIS-5EB2x~ 98:6b:3d:bf:5e:b0 -80	~xWLAN_6DDBx~ e6:ed:c7:7e:33:29 -89	~xHogar Ilimitado Entelx~ 54:09:55:db:1e:e2 -89	~xRODOLFOx~ 94:e8:c5:3c:2d:10 -89	~xTP-LINK_5B8282x~ e8:94:f6:5b:82:82 -88	~xx~ 24:a4:3c:4f:1b:fa -89	~xMOVISTAR_EB90x~ fc:5a:1d:25:eb:98 -89	~xWLAN_4673x~ d0:84:b0:fc:46:79 -84	
~xARACELLI1x~ 90:48:9a:b0:cd:4b -61	~xWLAN_0310x~ f0:f2:49:30:03:18 -46	~xAASC1x~ e8:d1:1b:b7:f1:a9 -65	~xARRIS-5EB2x~ 98:6b:3d:bf:5e:b0 -80	~xWLAN_6DDBx~ e6:ed:c7:7e:33:29 -89	~xHogar Ilimitado Entelx~ 54:09:55:db:1e:e2 -89	~xRODOLFOx~ 94:e8:c5:3c:2d:10 -89	~xTP-LINK_5B8282x~ e8:94:f6:5b:82:82 -88	~xx~ 24:a4:3c:4f:1b:fa -89	~xMOVISTAR_EB90x~ fc:5a:1d:25:eb:98 -89	~xWLAN_4673x~ d0:84:b0:fc:46:79 -84	
~xARACELLI1x~ 90:48:9a:b0:cd:4b -59	~xWLAN_0310x~ f0:f2:49:30:03:18 -41	~xAASC1x~ e8:d1:1b:b7:f1:a9 -65	~xARRIS-5EB2x~ 98:6b:3d:bf:5e:b0 -83	~xWLAN_6DDBx~ e6:ed:c7:7e:33:29 -88	~xHogar Ilimitado Entelx~ 54:09:55:db:1e:e2 -89	~xRODOLFOx~ 94:e8:c5:3c:2d:10 -89	~xTP-LINK_5B8282x~ e8:94:f6:5b:82:82 -91	~xx~ 24:a4:3c:4f:1b:fa -88	~xMOVISTAR_EB90x~ fc:5a:1d:25:eb:98 -89	~xWLAN_4673x~ d0:84:b0:fc:46:79 -84	
~xARACELLI1x~ 90:48:9a:b0:cd:4b -59	~xWLAN_0310x~ f0:f2:49:30:03:18 -41	~xAASC1x~ e8:d1:1b:b7:f1:a9 -65	~xARRIS-5EB2x~ 98:6b:3d:bf:5e:b0 -83	~xWLAN_6DDBx~ e6:ed:c7:7e:33:29 -88	~xHogar Ilimitado Entelx~ 54:09:55:db:1e:e2 -89	~xRODOLFOx~ 94:e8:c5:3c:2d:10 -89	~xTP-LINK_5B8282x~ e8:94:f6:5b:82:82 -91	~xx~ 24:a4:3c:4f:1b:fa -88	~xMOVISTAR_EB90x~ fc:5a:1d:25:eb:98 -89	~xWLAN_4673x~ d0:84:b0:fc:46:79 -84	
~xARACELLI1x~ 90:48:9a:b0:cd:4b -59	~xWLAN_0310x~ f0:f2:49:30:03:18 -41	~xAASC1x~ e8:d1:1b:b7:f1:a9 -65	~xARRIS-5EB2x~ 98:6b:3d:bf:5e:b0 -83	~xWLAN_6DDBx~ e6:ed:c7:7e:33:29 -88	~xHogar Ilimitado Entelx~ 54:09:55:db:1e:e2 -89	~xRODOLFOx~ 94:e8:c5:3c:2d:10 -89	~xTP-LINK_5B8282x~ e8:94:f6:5b:82:82 -91	~xx~ 24:a4:3c:4f:1b:fa -88	~xMOVISTAR_EB90x~ fc:5a:1d:25:eb:98 -89	~xWLAN_4673x~ d0:84:b0:fc:46:79 -84	
~xARACELLI1x~ 90:48:9a:b0:cd:4b -59	~xWLAN_0310x~ f0:f2:49:30:03:18 -41	~xAASC1x~ e8:d1:1b:b7:f1:a9 -65	~xARRIS-5EB2x~ 98:6b:3d:bf:5e:b0 -83	~xWLAN_6DDBx~ e6:ed:c7:7e:33:29 -88	~xHogar Ilimitado Entelx~ 54:09:55:db:1e:e2 -89	~xRODOLFOx~ 94:e8:c5:3c:2d:10 -89	~xTP-LINK_5B8282x~ e8:94:f6:5b:82:82 -91	~xx~ 24:a4:3c:4f:1b:fa -88	~xMOVISTAR_EB90x~ fc:5a:1d:25:eb:98 -89	~xWLAN_4673x~ d0:84:b0:fc:46:79 -84	
~xARACELLI1x~ 90:48:9a:b0:cd:4b -59	~xWLAN_0310x~ f0:f2:49:30:03:18 -53	~xAASC1x~ e8:d1:1b:b7:f1:a9 -67	~xARRIS-5EB2x~ 98:6b:3d:bf:5e:b0 -81	~xWLAN_6DDBx~ e6:ed:c7:7e:33:29 -88	~xHogar Ilimitado Entelx~ 54:09:55:db:1e:e2 -89	~xRODOLFOx~ 94:e8:c5:3c:2d:10 -89	~xTP-LINK_5B8282x~ e8:94:f6:5b:82:82 -91	~xx~ 24:a4:3c:4f:1b:fa -89	~xMOVISTAR_EB90x~ fc:5a:1d:25:eb:98 -89	~xWLAN_4673x~ d0:84:b0:fc:46:79 -89	~x martelx~ 60:19:71:a9:c5:80 -89	
~xARACELLI1x~ 90:48:9a:b0:cd:4b -59	~xWLAN_0310x~ f0:f2:49:30:03:18 -53	~xAASC1x~ e8:d1:1b:b7:f1:a9 -67	~xARRIS-5EB2x~ 98:6b:3d:bf:5e:b0 -81	~xWLAN_6DDBx~ e6:ed:c7:7e:33:29 -88	~xHogar Ilimitado Entelx~ 54:09:55:db:1e:e2 -89	~xRODOLFOx~ 94:e8:c5:3c:2d:10 -89	~xTP-LINK_5B8282x~ e8:94:f6:5b:82:82 -91	~xx~ 24:a4:3c:4f:1b:fa -89	~xMOVISTAR_EB90x~ fc:5a:1d:25:eb:98 -89	~xWLAN_4673x~ d0:84:b0:fc:46:79 -89	~x martelx~ 60:19:71:a9:c5:80 -89	
~xARACELLI1x~ 90:48:9a:b0:cd:4b -59	~xWLAN_0310x~ f0:f2:49:30:03:18 -53	~xAASC1x~ e8:d1:1b:b7:f1:a9 -67	~xARRIS-5EB2x~ 98:6b:3d:bf:5e:b0 -81	~xWLAN_6DDBx~ e6:ed:c7:7e:33:29 -88	~xHogar Ilimitado Entelx~ 54:09:55:db:1e:e2 -89	~xRODOLFOx~ 94:e8:c5:3c:2d:10 -89	~xTP-LINK_5B8282x~ e8:94:f6:5b:82:82 -91	~xx~ 24:a4:3c:4f:1b:fa -89	~xMOVISTAR_EB90x~ fc:5a:1d:25:eb:98 -89	~xWLAN_4673x~ d0:84:b0:fc:46:79 -89	~x martelx~ 60:19:71:a9:c5:80 -89	
~xARACELLI1x~ 90:48:9a:b0:cd:4b -59	~xWLAN_0310x~ f0:f2:49:30:03:18 -53	~xAASC1x~ e8:d1:1b:b7:f1:a9 -67	~xARRIS-5EB2x~ 98:6b:3d:bf:5e:b0 -81	~xWLAN_6DDBx~ e6:ed:c7:7e:33:29 -88	~xHogar Ilimitado Entelx~ 54:09:55:db:1e:e2 -89	~xRODOLFOx~ 94:e8:c5:3c:2d:10 -89	~xTP-LINK_5B8282x~ e8:94:f6:5b:82:82 -91	~xx~ 24:a4:3c:4f:1b:fa -89	~xMOVISTAR_EB90x~ fc:5a:1d:25:eb:98 -89	~xWLAN_4673x~ d0:84:b0:fc:46:79 -89	~x martelx~ 60:19:71:a9:c5:80 -89	
~xARACELLI1x~ 90:48:9a:b0:cd:4b -70	~xWLAN_0310x~ f0:f2:49:30:03:18 -55	~xAASC1x~ e8:d1:1b:b7:f1:a9 -64	~xARRIS-5EB2x~ 98:6b:3d:bf:5e:b0 -89	~xWLAN_6DDBx~ e6:ed:c7:7e:33:29 -89	~xRODOLFOx~ 94:e8:c5:3c:2d:10 -89	~xTP-LINK_5B8282x~ e8:94:f6:5b:82:82 -91	~xx~ 24:a4:3c:4f:1b:fa -85	~xMOVISTAR_EB90x~ fc:5a:1d:25:eb:98 -89	~xWLAN_4673x~ d0:84:b0:fc:46:79 -89	~x martelx~ 60:19:71:a9:c5:80 -89	~xMOVISTAR_05DEx~ 08:6a:0a:61:05:e1 -89	
~xARACELLI1x~ 90:48:9a:b0:cd:4b -70	~xWLAN_0310x~ f0:f2:49:30:03:18 -55	~xAASC1x~ e8:d1:1b:b7:f1:a9 -64	~xARRIS-5EB2x~ 98:6b:3d:bf:5e:b0 -89	~xWLAN_6DDBx~ e6:ed:c7:7e:33:29 -89	~xRODOLFOx~ 94:e8:c5:3c:2d:10 -89	~xTP-LINK_5B8282x~ e8:94:f6:5b:82:82 -91	~xx~ 24:a4:3c:4f:1b:fa -85	~xMOVISTAR_EB90x~ fc:5a:1d:25:eb:98 -89	~xWLAN_4673x~ d0:84:b0:fc:46:79 -89	~x martelx~ 60:19:71:a9:c5:80 -89	~xMOVISTAR_05DEx~ 08:6a:0a:61:05:e1 -89	
~xARACELLI1x~ 90:48:9a:b0:cd:4b -70	~xWLAN_0310x~ f0:f2:49:30:03:18 -55	~xAASC1x~ e8:d1:1b:b7:f1:a9 -64	~xARRIS-5EB2x~ 98:6b:3d:bf:5e:b0 -89	~xWLAN_6DDBx~ e6:ed:c7:7e:33:29 -89	~xRODOLFOx~ 94:e8:c5:3c:2d:10 -89	~xTP-LINK_5B8282x~ e8:94:f6:5b:82:82 -91	~xx~ 24:a4:3c:4f:1b:fa -85	~xMOVISTAR_EB90x~ fc:5a:1d:25:eb:98 -89	~xWLAN_4673x~ d0:84:b0:fc:46:79 -89	~x martelx~ 60:19:71:a9:c5:80 -89	~xMOVISTAR_05DEx~ 08:6a:0a:61:05:e1 -89	
~xARACELLI1x~ 90:48:9a:b0:cd:4b -70	~xWLAN_0310x~ f0:f2:49:30:03:18 -55	~xAASC1x~ e8:d1:1b:b7:f1:a9 -64	~xARRIS-5EB2x~ 98:6b:3d:bf:5e:b0 -89	~xWLAN_6DDBx~ e6:ed:c7:7e:33:29 -89	~xRODOLFOx~ 94:e8:c5:3c:2d:10 -89	~xTP-LINK_5B8282x~ e8:94:f6:5b:82:82 -91	~xx~ 24:a4:3c:4f:1b:fa -85	~xMOVISTAR_EB90x~ fc:5a:1d:25:eb:98 -89	~xWLAN_4673x~ d0:84:b0:fc:46:79 -89	~x martelx~ 60:19:71:a9:c5:80 -89	~xMOVISTAR_05DEx~ 08:6a:0a:61:05:e1 -89	
~xARACELLI1x~ 90:48:9a:b0:cd:4b -65	~xWLAN_0310x~ f0:f2:49:30:03:18 -40	~xAASC1x~ e8:d1:1b:b7:f1:a9 -65	~xARRIS-5EB2x~ 98:6b:3d:bf:5e:b0 -89	~xWLAN_6DDBx~ e6:ed:c7:7e:33:29 -89	~xTP-LINK_5B8282x~ e8:94:f6:5b:82:82 -91	~xx~ 24:a4:3c:4f:1b:fa -85	~xWLAN_4673x~ d0:84:b0:fc:46:79 -89	~x martelx~ 60:19:71:a9:c5:80 -89	~xMOVISTAR_05DEx~ 08:6a:0a:61:05:e1 -89	
~xARACELLI1x~ 90:48:9a:b0:cd:4b -65	~xWLAN_0310x~ f0:f2:49:30:03:18 -40	~xAASC1x~ e8:d1:1b:b7:f1:a9 -65	~xARRIS-5EB2x~ 98:6b:3d:bf:5e:b0 -89	~xWLAN_6DDBx~ e6:ed:c7:7e:33:29 -89	~xTP-LINK_5B8282x~ e8:94:f6:5b:82:82 -91	~xx~ 24:a4:3c:4f:1b:fa -85	~xWLAN_4673x~ d0:84:b0:fc:46:79 -89	~x martelx~ 60:19:71:a9:c5:80 -89	~xMOVISTAR_05DEx~ 08:6a:0a:61:05:e1 -89	
~xARACELLI1x~ 90:48:9a:b0:cd:4b -65	~xWLAN_0310x~ f0:f2:49:30:03:18 -40	~xAASC1x~ e8:d1:1b:b7:f1:a9 -65	~xARRIS-5EB2x~ 98:6b:3d:bf:5e:b0 -89	~xWLAN_6DDBx~ e6:ed:c7:7e:33:29 -89	~xTP-LINK_5B8282x~ e8:94:f6:5b:82:82 -91	~xx~ 24:a4:3c:4f:1b:fa -85	~xWLAN_4673x~ d0:84:b0:fc:46:79 -89	~x martelx~ 60:19:71:a9:c5:80 -89	~xMOVISTAR_05DEx~ 08:6a:0a:61:05:e1 -89	
~xARACELLI1x~ 90:48:9a:b0:cd:4b -65	~xWLAN_0310x~ f0:f2:49:30:03:18 -40	~xAASC1x~ e8:d1:1b:b7:f1:a9 -65	~xARRIS-5EB2x~ 98:6b:3d:bf:5e:b0 -89	~xWLAN_6DDBx~ e6:ed:c7:7e:33:29 -89	~xTP-LINK_5B8282x~ e8:94:f6:5b:82:82 -91	~xx~ 24:a4:3c:4f:1b:fa -85	~xWLAN_4673x~ d0:84:b0:fc:46:79 -89	~x martelx~ 60:19:71:a9:c5:80 -89	~xMOVISTAR_05DEx~ 08:6a:0a:61:05:e1 -89	
~xARACELLI1x~ 90:48:9a:b0:cd:4b -63	~xWLAN_0310x~ f0:f2:49:30:03:18 -43	~xAASC1x~ e8:d1:1b:b7:f1:a9 -64	~xARRIS-5EB2x~ 98:6b:3d:bf:5e:b0 -89	~xWLAN_6DDBx~ e6:ed:c7:7e:33:29 -89	~xTP-LINK_5B8282x~ e8:94:f6:5b:82:82 -91	~xx~ 24:a4:3c:4f:1b:fa -85	~xWLAN_4673x~ d0:84:b0:fc:46:79 -90	~x martelx~ 60:19:71:a9:c5:80 -91	~xMOVISTAR_05DEx~ 08:6a:0a:61:05:e1 -89	
~xARACELLI1x~ 90:48:9a:b0:cd:4b -63	~xWLAN_0310x~ f0:f2:49:30:03:18 -43	~xAASC1x~ e8:d1:1b:b7:f1:a9 -64	~xARRIS-5EB2x~ 98:6b:3d:bf:5e:b0 -89	~xWLAN_6DDBx~ e6:ed:c7:7e:33:29 -89	~xTP-LINK_5B8282x~ e8:94:f6:5b:82:82 -91	~xx~ 24:a4:3c:4f:1b:fa -85	~xWLAN_4673x~ d0:84:b0:fc:46:79 -90	~x martelx~ 60:19:71:a9:c5:80 -91	~xMOVISTAR_05DEx~ 08:6a:0a:61:05:e1 -89	
~xARACELLI1x~ 90:48:9a:b0:cd:4b -63	~xWLAN_0310x~ f0:f2:49:30:03:18 -43	~xAASC1x~ e8:d1:1b:b7:f1:a9 -64	~xARRIS-5EB2x~ 98:6b:3d:bf:5e:b0 -89	~xWLAN_6DDBx~ e6:ed:c7:7e:33:29 -89	~xTP-LINK_5B8282x~ e8:94:f6:5b:82:82 -91	~xx~ 24:a4:3c:4f:1b:fa -85	~xWLAN_4673x~ d0:84:b0:fc:46:79 -90	~x martelx~ 60:19:71:a9:c5:80 -91	~xMOVISTAR_05DEx~ 08:6a:0a:61:05:e1 -89	
~xARACELLI1x~ 90:48:9a:b0:cd:4b -59	~xWLAN_0310x~ f0:f2:49:30:03:18 -36	~xAASC1x~ e8:d1:1b:b7:f1:a9 -71	~xARRIS-5EB2x~ 98:6b:3d:bf:5e:b0 -87	~xWLAN_6DDBx~ e6:ed:c7:7e:33:29 -88	~xx~ 24:a4:3c:4f:1b:fa -85	~xWLAN_4673x~ d0:84:b0:fc:46:79 -90	~x martelx~ 60:19:71:a9:c5:80 -91	~xMOVISTAR_05DEx~ 08:6a:0a:61:05:e1 -89	~xHogar Ilimitado Entelx~ 54:09:55:db:1e:e2 -87	~xTP-LINK_9D7Cx~ 84:16:f9:ff:9d:7c -89	
~xARACELLI1x~ 90:48:9a:b0:cd:4b -59	~xWLAN_0310x~ f0:f2:49:30:03:18 -36	~xAASC1x~ e8:d1:1b:b7:f1:a9 -71	~xARRIS-5EB2x~ 98:6b:3d:bf:5e:b0 -87	~xWLAN_6DDBx~ e6:ed:c7:7e:33:29 -88	~xx~ 24:a4:3c:4f:1b:fa -85	~xWLAN_4673x~ d0:84:b0:fc:46:79 -90	~x martelx~ 60:19:71:a9:c5:80 -91	~xMOVISTAR_05DEx~ 08:6a:0a:61:05:e1 -89	~xHogar Ilimitado Entelx~ 54:09:55:db:1e:e2 -87	~xTP-LINK_9D7Cx~ 84:16:f9:ff:9d:7c -89	
~xARACELLI1x~ 90:48:9a:b0:cd:4b -61	~xWLAN_0310x~ f0:f2:49:30:03:18 -32	~xAASC1x~ e8:d1:1b:b7:f1:a9 -71	~xARRIS-5EB2x~ 98:6b:3d:bf:5e:b0 -85	~xWLAN_6DDBx~ e6:ed:c7:7e:33:29 -88	~xx~ 24:a4:3c:4f:1b:fa -85	~xWLAN_4673x~ d0:84:b0:fc:46:79 -90	~x martelx~ 60:19:71:a9:c5:80 -91	~xMOVISTAR_05DEx~ 08:6a:0a:61:05:e1 -81	~xHogar Ilimitado Entelx~ 54:09:55:db:1e:e2 -85	~xTP-LINK_9D7Cx~ 84:16:f9:ff:9d:7c -89	
~xARACELLI1x~ 90:48:9a:b0:cd:4b -61	~xWLAN_0310x~ f0:f2:49:30:03:18 -32	~xAASC1x~ e8:d1:1b:b7:f1:a9 -71	~xARRIS-5EB2x~ 98:6b:3d:bf:5e:b0 -85	~xWLAN_6DDBx~ e6:ed:c7:7e:33:29 -88	~xx~ 24:a4:3c:4f:1b:fa -85	~xWLAN_4673x~ d0:84:b0:fc:46:79 -90	~x martelx~ 60:19:71:a9:c5:80 -91	~xMOVISTAR_05DEx~ 08:6a:0a:61:05:e1 -81	~xHogar Ilimitado Entelx~ 54:09:55:db:1e:e2 -85	~xTP-LINK_9D7Cx~ 84:16:f9:ff:9d:7c -89	
~xARACELLI1x~ 90:48:9a:b0:cd:4b -59	~xWLAN_0310x~ f0:f2:49:30:03:18 -47	~xAASC1x~ e8:d1:1b:b7:f1:a9 -71	~xARRIS-5EB2x~ 98:6b:3d:bf:5e:b0 -85	~xWLAN_6DDBx~ e6:ed:c7:7e:33:29 -89	~xx~ 24:a4:3c:4f:1b:fa -85	~xWLAN_4673x~ d0:84:b0:fc:46:79 -90	~x martelx~ 60:19:71:a9:c5:80 -91	~xMOVISTAR_05DEx~ 08:6a:0a:61:05:e1 -81	~xHogar Ilimitado Entelx~ 54:09:55:db:1e:e2 -85	~xTP-LINK_9D7Cx~ 84:16:f9:ff:9d:7c -90	
~xARACELLI1x~ 90:48:9a:b0:cd:4b -59	~xWLAN_0310x~ f0:f2:49:30:03:18 -47	~xAASC1x~ e8:d1:1b:b7:f1:a9 -71	~xARRIS-5EB2x~ 98:6b:3d:bf:5e:b0 -85	~xWLAN_6DDBx~ e6:ed:c7:7e:33:29 -89	~xx~ 24:a4:3c:4f:1b:fa -85	~xWLAN_4673x~ d0:84:b0:fc:46:79 -90	~x martelx~ 60:19:71:a9:c5:80 -91	~xMOVISTAR_05DEx~ 08:6a:0a:61:05:e1 -81	~xHogar Ilimitado Entelx~ 54:09:55:db:1e:e2 -85	~xTP-LINK_9D7Cx~ 84:16:f9:ff:9d:7c -90	
~xARACELLI1x~ 90:48:9a:b0:cd:4b -59	~xWLAN_0310x~ f0:f2:49:30:03:18 -47	~xAASC1x~ e8:d1:1b:b7:f1:a9 -71	~xARRIS-5EB2x~ 98:6b:3d:bf:5e:b0 -85	~xWLAN_6DDBx~ e6:ed:c7:7e:33:29 -89	~xx~ 24:a4:3c:4f:1b:fa -85	~xWLAN_4673x~ d0:84:b0:fc:46:79 -90	~x martelx~ 60:19:71:a9:c5:80 -91	~xMOVISTAR_05DEx~ 08:6a:0a:61:05:e1 -81	~xHogar Ilimitado Entelx~ 54:09:55:db:1e:e2 -85	~xTP-LINK_9D7Cx~ 84:16:f9:ff:9d:7c -90	
~xARACELLI1x~ 90:48:9a:b0:cd:4b -48	~xWLAN_0310x~ f0:f2:49:30:03:18 -47	~xAASC1x~ e8:d1:1b:b7:f1:a9 -65	~xARRIS-5EB2x~ 98:6b:3d:bf:5e:b0 -85	~xWLAN_6DDBx~ e6:ed:c7:7e:33:29 -89	~xx~ 24:a4:3c:4f:1b:fa -85	~xWLAN_4673x~ d0:84:b0:fc:46:79 -87	~xMOVISTAR_05DEx~ 08:6a:0a:61:05:e1 -88	~xHogar Ilimitado Entelx~ 54:09:55:db:1e:e2 -85	~xTP-LINK_9D7Cx~ 84:16:f9:ff:9d:7c -90	
~xARACELLI1x~ 90:48:9a:b0:cd:4b -48	~xWLAN_0310x~ f0:f2:49:30:03:18 -47	~xAASC1x~ e8:d1:1b:b7:f1:a9 -65	~xARRIS-5EB2x~ 98:6b:3d:bf:5e:b0 -85	~xWLAN_6DDBx~ e6:ed:c7:7e:33:29 -89	~xx~ 24:a4:3c:4f:1b:fa -85	~xWLAN_4673x~ d0:84:b0:fc:46:79 -87	~xMOVISTAR_05DEx~ 08:6a:0a:61:05:e1 -88	~xHogar Ilimitado Entelx~ 54:09:55:db:1e:e2 -85	~xTP-LINK_9D7Cx~ 84:16:f9:ff:9d:7c -90	
~xARACELLI1x~ 90:48:9a:b0:cd:4b -57	~xWLAN_0310x~ f0:f2:49:30:03:18 -51	~xAASC1x~ e8:d1:1b:b7:f1:a9 -65	~xARRIS-5EB2x~ 98:6b:3d:bf:5e:b0 -84	~xWLAN_6DDBx~ e6:ed:c7:7e:33:29 -88	~xx~ 24:a4:3c:4f:1b:fa -85	~xWLAN_4673x~ d0:84:b0:fc:46:79 -86	~xMOVISTAR_05DEx~ 08:6a:0a:61:05:e1 -88	~xHogar Ilimitado Entelx~ 54:09:55:db:1e:e2 -85	~xTP-LINK_9D7Cx~ 84:16:f9:ff:9d:7c -90	
~xARACELLI1x~ 90:48:9a:b0:cd:4b -57	~xWLAN_0310x~ f0:f2:49:30:03:18 -51	~xAASC1x~ e8:d1:1b:b7:f1:a9 -65	~xARRIS-5EB2x~ 98:6b:3d:bf:5e:b0 -84	~xWLAN_6DDBx~ e6:ed:c7:7e:33:29 -88	~xx~ 24:a4:3c:4f:1b:fa -85	~xWLAN_4673x~ d0:84:b0:fc:46:79 -86	~xMOVISTAR_05DEx~ 08:6a:0a:61:05:e1 -88	~xHogar Ilimitado Entelx~ 54:09:55:db:1e:e2 -85	~xTP-LINK_9D7Cx~ 84:16:f9:ff:9d:7c -90	
~xARACELLI1x~ 90:48:9a:b0:cd:4b -57	~xWLAN_0310x~ f0:f2:49:30:03:18 -51	~xAASC1x~ e8:d1:1b:b7:f1:a9 -65	~xARRIS-5EB2x~ 98:6b:3d:bf:5e:b0 -84	~xWLAN_6DDBx~ e6:ed:c7:7e:33:29 -88	~xx~ 24:a4:3c:4f:1b:fa -85	~xWLAN_4673x~ d0:84:b0:fc:46:79 -86	~xMOVISTAR_05DEx~ 08:6a:0a:61:05:e1 -88	~xHogar Ilimitado Entelx~ 54:09:55:db:1e:e2 -85	~xTP-LINK_9D7Cx~ 84:16:f9:ff:9d:7c -90	
~xARACELLI1x~ 90:48:9a:b0:cd:4b -64	~xWLAN_0310x~ f0:f2:49:30:03:18 -47	~xAASC1x~ e8:d1:1b:b7:f1:a9 -61	~xARRIS-5EB2x~ 98:6b:3d:bf:5e:b0 -84	~xWLAN_6DDBx~ e6:ed:c7:7e:33:29 -90	~xx~ 24:a4:3c:4f:1b:fa -88	~xWLAN_4673x~ d0:84:b0:fc:46:79 -86	~xMOVISTAR_05DEx~ 08:6a:0a:61:05:e1 -88	~xHogar Ilimitado Entelx~ 54:09:55:db:1e:e2 -85	~xTP-LINK_9D7Cx~ 84:16:f9:ff:9d:7c -90	~xTP-LINK_5B8282x~ e8:94:f6:5b:82:82 -88	~xLucasx~ d4:7b:b0:85:1d:c4 -88	
~xARACELLI1x~ 90:48:9a:b0:cd:4b -64	~xWLAN_0310x~ f0:f2:49:30:03:18 -47	~xAASC1x~ e8:d1:1b:b7:f1:a9 -61	~xARRIS-5EB2x~ 98:6b:3d:bf:5e:b0 -84	~xWLAN_6DDBx~ e6:ed:c7:7e:33:29 -90	~xx~ 24:a4:3c:4f:1b:fa -88	~xWLAN_4673x~ d0:84:b0:fc:46:79 -86	~xMOVISTAR_05DEx~ 08:6a:0a:61:05:e1 -88	~xHogar Ilimitado Entelx~ 54:09:55:db:1e:e2 -85	~xTP-LINK_9D7Cx~ 84:16:f9:ff:9d:7c -90	~xTP-LINK_5B8282x~ e8:94:f6:5b:82:82 -88	~xLucasx~ d4:7b:b0:85:1d:c4 -88	
~xARACELLI1x~ 90:48:9a:b0:cd:4b -64	~xWLAN_0310x~ f0:f2:49:30:03:18 -47	~xAASC1x~ e8:d1:1b:b7:f1:a9 -61	~xARRIS-5EB2x~ 98:6b:3d:bf:5e:b0 -84	~xWLAN_6DDBx~ e6:ed:c7:7e:33:29 -90	~xx~ 24:a4:3c:4f:1b:fa -88	~xWLAN_4673x~ d0:84:b0:fc:46:79 -86	~xMOVISTAR_05DEx~ 08:6a:0a:61:05:e1 -88	~xHogar Ilimitado Entelx~ 54:09:55:db:1e:e2 -85	~xTP-LINK_9D7Cx~ 84:16:f9:ff:9d:7c -90	~xTP-LINK_5B8282x~ e8:94:f6:5b:82:82 -88	~xLucasx~ d4:7b:b0:85:1d:c4 -88	
~xARACELLI1x~ 90:48:9a:b0:cd:4b -67	~xWLAN_0310x~ f0:f2:49:30:03:18 -41	~xAASC1x~ e8:d1:1b:b7:f1:a9 -68	~xARRIS-5EB2x~ 98:6b:3d:bf:5e:b0 -84	~xWLAN_6DDBx~ e6:ed:c7:7e:33:29 -90	~xx~ 24:a4:3c:4f:1b:fa -88	~xWLAN_4673x~ d0:84:b0:fc:46:79 -86	~xMOVISTAR_05DEx~ 08:6a:0a:61:05:e1 -88	~xHogar Ilimitado Entelx~ 54:09:55:db:1e:e2 -89	~xTP-LINK_9D7Cx~ 84:16:f9:ff:9d:7c -90	~xTP-LINK_5B8282x~ e8:94:f6:5b:82:82 -88	~xLucasx~ d4:7b:b0:85:1d:c4 -90	
~xARACELLI1x~ 90:48:9a:b0:cd:4b -67	~xWLAN_0310x~ f0:f2:49:30:03:18 -43	~xAASC1x~ e8:d1:1b:b7:f1:a9 -62	~xARRIS-5EB2x~ 98:6b:3d:bf:5e:b0 -84	~xWLAN_6DDBx~ e6:ed:c7:7e:33:29 -90	~xx~ 24:a4:3c:4f:1b:fa -88	~xWLAN_4673x~ d0:84:b0:fc:46:79 -86	~xMOVISTAR_05DEx~ 08:6a:0a:61:05:e1 -88	~xHogar Ilimitado Entelx~ 54:09:55:db:1e:e2 -89	~xTP-LINK_5B8282x~ e8:94:f6:5b:82:82 -88	~xLucasx~ d4:7b:b0:85:1d:c4 -90	~xMOVISTAR_EB90x~ fc:5a:1d:25:eb:98 -91	
~xARACELLI1x~ 90:48:9a:b0:cd:4b -67	~xWLAN_0310x~ f0:f2:49:30:03:18 -43	~xAASC1x~ e8:d1:1b:b7:f1:a9 -62	~xARRIS-5EB2x~ 98:6b:3d:bf:5e:b0 -84	~xWLAN_6DDBx~ e6:ed:c7:7e:33:29 -90	~xx~ 24:a4:3c:4f:1b:fa -88	~xWLAN_4673x~ d0:84:b0:fc:46:79 -86	~xMOVISTAR_05DEx~ 08:6a:0a:61:05:e1 -88	~xHogar Ilimitado Entelx~ 54:09:55:db:1e:e2 -89	~xTP-LINK_5B8282x~ e8:94:f6:5b:82:82 -88	~xLucasx~ d4:7b:b0:85:1d:c4 -90	~xMOVISTAR_EB90x~ fc:5a:1d:25:eb:98 -91	
~xARACELLI1x~ 90:48:9a:b0:cd:4b -63	~xWLAN_0310x~ f0:f2:49:30:03:18 -43	~xAASC1x~ e8:d1:1b:b7:f1:a9 -68	~xARRIS-5EB2x~ 98:6b:3d:bf:5e:b0 -89	~xWLAN_6DDBx~ e6:ed:c7:7e:33:29 -90	~xx~ 24:a4:3c:4f:1b:fa -88	~xWLAN_4673x~ d0:84:b0:fc:46:79 -86	~xMOVISTAR_05DEx~ 08:6a:0a:61:05:e1 -84	~xHogar Ilimitado Entelx~ 54:09:55:db:1e:e2 -88	~xTP-LINK_5B8282x~ e8:94:f6:5b:82:82 -88	~xLucasx~ d4:7b:b0:85:1d:c4 -90	~xMOVISTAR_EB90x~ fc:5a:1d:25:eb:98 -91	
~xARACELLI1x~ 90:48:9a:b0:cd:4b -61	~xWLAN_0310x~ f0:f2:49:30:03:18 -39	~xAASC1x~ e8:d1:1b:b7:f1:a9 -80	~xARRIS-5EB2x~ 98:6b:3d:bf:5e:b0 -84	~xWLAN_6DDBx~ e6:ed:c7:7e:33:29 -87	~xx~ 24:a4:3c:4f:1b:fa -89	~xMOVISTAR_05DEx~ 08:6a:0a:61:05:e1 -89	~xHogar Ilimitado Entelx~ 54:09:55:db:1e:e2 -88	~xTP-LINK_5B8282x~ e8:94:f6:5b:82:82 -88	~xLucasx~ d4:7b:b0:85:1d:c4 -90	~xMOVISTAR_EB90x~ fc:5a:1d:25:eb:98 -89	
~xARACELLI1x~ 90:48:9a:b0:cd:4b -64	~xWLAN_0310x~ f0:f2:49:30:03:18 -46	~xAASC1x~ e8:d1:1b:b7:f1:a9 -66	~xARRIS-5EB2x~ 98:6b:3d:bf:5e:b0 -85	~xWLAN_6DDBx~ e6:ed:c7:7e:33:29 -89	~xx~ 24:a4:3c:4f:1b:fa -89	~xMOVISTAR_05DEx~ 08:6a:0a:61:05:e1 -89	~xHogar Ilimitado Entelx~ 54:09:55:db:1e:e2 -88	~xLucasx~ d4:7b:b0:85:1d:c4 -92	~xMOVISTAR_EB90x~ fc:5a:1d:25:eb:98 -89	~xRODOLFOx~ 94:e8:c5:3c:2d:10 -91	
~xARACELLI1x~ 90:48:9a:b0:cd:4b -64	~xWLAN_0310x~ f0:f2:49:30:03:18 -46	~xAASC1x~ e8:d1:1b:b7:f1:a9 -66	~xARRIS-5EB2x~ 98:6b:3d:bf:5e:b0 -85	~xWLAN_6DDBx~ e6:ed:c7:7e:33:29 -89	~xx~ 24:a4:3c:4f:1b:fa -89	~xMOVISTAR_05DEx~ 08:6a:0a:61:05:e1 -89	~xHogar Ilimitado Entelx~ 54:09:55:db:1e:e2 -88	~xLucasx~ d4:7b:b0:85:1d:c4 -92	~xMOVISTAR_EB90x~ fc:5a:1d:25:eb:98 -89	~xRODOLFOx~ 94:e8:c5:3c:2d:10 -91	
~xARACELLI1x~ 90:48:9a:b0:cd:4b -63	~xWLAN_0310x~ f0:f2:49:30:03:18 -51	~xAASC1x~ e8:d1:1b:b7:f1:a9 -64	~xARRIS-5EB2x~ 98:6b:3d:bf:5e:b0 -85	~xWLAN_6DDBx~ e6:ed:c7:7e:33:29 -87	~xx~ 24:a4:3c:4f:1b:fa -83	~xMOVISTAR_05DEx~ 08:6a:0a:61:05:e1 -89	~xHogar Ilimitado Entelx~ 54:09:55:db:1e:e2 -88	~xLucasx~ d4:7b:b0:85:1d:c4 -92	~xMOVISTAR_EB90x~ fc:5a:1d:25:eb:98 -89	~xRODOLFOx~ 94:e8:c5:3c:2d:10 -91	~xTP-LINK_5B8282x~ e8:94:f6:5b:82:82 -87	
~xARACELLI1x~ 90:48:9a:b0:cd:4b -63	~xWLAN_0310x~ f0:f2:49:30:03:18 -51	~xAASC1x~ e8:d1:1b:b7:f1:a9 -64	~xARRIS-5EB2x~ 98:6b:3d:bf:5e:b0 -85	~xWLAN_6DDBx~ e6:ed:c7:7e:33:29 -87	~xx~ 24:a4:3c:4f:1b:fa -83	~xMOVISTAR_05DEx~ 08:6a:0a:61:05:e1 -89	~xHogar Ilimitado Entelx~ 54:09:55:db:1e:e2 -88	~xLucasx~ d4:7b:b0:85:1d:c4 -92	~xMOVISTAR_EB90x~ fc:5a:1d:25:eb:98 -89	~xRODOLFOx~ 94:e8:c5:3c:2d:10 -91	~xTP-LINK_5B8282x~ e8:94:f6:5b:82:82 -87	
~xARACELLI1x~ 90:48:9a:b0:cd:4b -63	~xWLAN_0310x~ f0:f2:49:30:03:18 -51	~xAASC1x~ e8:d1:1b:b7:f1:a9 -64	~xARRIS-5EB2x~ 98:6b:3d:bf:5e:b0 -85	~xWLAN_6DDBx~ e6:ed:c7:7e:33:29 -87	~xx~ 24:a4:3c:4f:1b:fa -83	~xMOVISTAR_05DEx~ 08:6a:0a:61:05:e1 -89	~xHogar Ilimitado Entelx~ 54:09:55:db:1e:e2 -88	~xLucasx~ d4:7b:b0:85:1d:c4 -92	~xMOVISTAR_EB90x~ fc:5a:1d:25:eb:98 -89	~xRODOLFOx~ 94:e8:c5:3c:2d:10 -91	~xTP-LINK_5B8282x~ e8:94:f6:5b:82:82 -87	
~xARACELLI1x~ 90:48:9a:b0:cd:4b -60	~xWLAN_0310x~ f0:f2:49:30:03:18 -42	~xAASC1x~ e8:d1:1b:b7:f1:a9 -76	~xARRIS-5EB2x~ 98:6b:3d:bf:5e:b0 -87	~xWLAN_6DDBx~ e6:ed:c7:7e:33:29 -87	~xx~ 24:a4:3c:4f:1b:fa -83	~xMOVISTAR_05DEx~ 08:6a:0a:61:05:e1 -89	~xHogar Ilimitado Entelx~ 54:09:55:db:1e:e2 -88	~xLucasx~ d4:7b:b0:85:1d:c4 -92	~xMOVISTAR_EB90x~ fc:5a:1d:25:eb:98 -89	~xRODOLFOx~ 94:e8:c5:3c:2d:10 -91	~xTP-LINK_5B8282x~ e8:94:f6:5b:82:82 -87	
~xARACELLI1x~ 90:48:9a:b0:cd:4b -60	~xWLAN_0310x~ f0:f2:49:30:03:18 -42	~xAASC1x~ e8:d1:1b:b7:f1:a9 -76	~xARRIS-5EB2x~ 98:6b:3d:bf:5e:b0 -87	~xWLAN_6DDBx~ e6:ed:c7:7e:33:29 -87	~xx~ 24:a4:3c:4f:1b:fa -83	~xMOVISTAR_05DEx~ 08:6a:0a:61:05:e1 -89	~xHogar Ilimitado Entelx~ 54:09:55:db:1e:e2 -88	~xLucasx~ d4:7b:b0:85:1d:c4 -92	~xMOVISTAR_EB90x~ fc:5a:1d:25:eb:98 -89	~xRODOLFOx~ 94:e8:c5:3c:2d:10 -91	~xTP-LINK_5B8282x~ e8:94:f6:5b:82:82 -87	
~xARACELLI1x~ 90:48:9a:b0:cd:4b -60	~xWLAN_0310x~ f0:f2:49:30:03:18 -42	~xAASC1x~ e8:d1:1b:b7:f1:a9 -76	~xARRIS-5EB2x~ 98:6b:3d:bf:5e:b0 -87	~xWLAN_6DDBx~ e6:ed:c7:7e:33:29 -87	~xx~ 24:a4:3c:4f:1b:fa -83	~xMOVISTAR_05DEx~ 08:6a:0a:61:05:e1 -89	~xHogar Ilimitado Entelx~ 54:09:55:db:1e:e2 -88	~xLucasx~ d4:7b:b0:85:1d:c4 -92	~xMOVISTAR_EB90x~ fc:5a:1d:25:eb:98 -89	~xRODOLFOx~ 94:e8:c5:3c:2d:10 -91	~xTP-LINK_5B8282x~ e8:94:f6:5b:82:82 -87	
~xARACELLI1x~ 90:48:9a:b0:cd:4b -63	~xWLAN_0310x~ f0:f2:49:30:03:18 -55	~xAASC1x~ e8:d1:1b:b7:f1:a9 -63	~xARRIS-5EB2x~ 98:6b:3d:bf:5e:b0 -82	~xWLAN_6DDBx~ e6:ed:c7:7e:33:29 -87	~xx~ 24:a4:3c:4f:1b:fa -90	~xMOVISTAR_05DEx~ 08:6a:0a:61:05:e1 -85	~xHogar Ilimitado Entelx~ 54:09:55:db:1e:e2 -88	~xLucasx~ d4:7b:b0:85:1d:c4 -92	~xMOVISTAR_EB90x~ fc:5a:1d:25:eb:98 -89	~xRODOLFOx~ 94:e8:c5:3c:2d:10 -91	~xTP-LINK_5B8282x~ e8:94:f6:5b:82:82 -87	~xTP-LINK_9D7Cx~ 84:16:f9:ff:9d:7c -90	~xWLAN_4673x~ d0:84:b0:fc:46:79 -88	
~xARACELLI1x~ 90:48:9a:b0:cd:4b -63	~xWLAN_0310x~ f0:f2:49:30:03:18 -55	~xAASC1x~ e8:d1:1b:b7:f1:a9 -63	~xARRIS-5EB2x~ 98:6b:3d:bf:5e:b0 -82	~xWLAN_6DDBx~ e6:ed:c7:7e:33:29 -87	~xx~ 24:a4:3c:4f:1b:fa -90	~xMOVISTAR_05DEx~ 08:6a:0a:61:05:e1 -85	~xHogar Ilimitado Entelx~ 54:09:55:db:1e:e2 -88	~xLucasx~ d4:7b:b0:85:1d:c4 -92	~xMOVISTAR_EB90x~ fc:5a:1d:25:eb:98 -89	~xRODOLFOx~ 94:e8:c5:3c:2d:10 -91	~xTP-LINK_5B8282x~ e8:94:f6:5b:82:82 -87	~xTP-LINK_9D7Cx~ 84:16:f9:ff:9d:7c -90	~xWLAN_4673x~ d0:84:b0:fc:46:79 -88	
~xARACELLI1x~ 90:48:9a:b0:cd:4b -63	~xWLAN_0310x~ f0:f2:49:30:03:18 -55	~xAASC1x~ e8:d1:1b:b7:f1:a9 -63	~xARRIS-5EB2x~ 98:6b:3d:bf:5e:b0 -82	~xWLAN_6DDBx~ e6:ed:c7:7e:33:29 -87	~xx~ 24:a4:3c:4f:1b:fa -90	~xMOVISTAR_05DEx~ 08:6a:0a:61:05:e1 -85	~xHogar Ilimitado Entelx~ 54:09:55:db:1e:e2 -88	~xLucasx~ d4:7b:b0:85:1d:c4 -92	~xMOVISTAR_EB90x~ fc:5a:1d:25:eb:98 -89	~xRODOLFOx~ 94:e8:c5:3c:2d:10 -91	~xTP-LINK_5B8282x~ e8:94:f6:5b:82:82 -87	~xTP-LINK_9D7Cx~ 84:16:f9:ff:9d:7c -90	~xWLAN_4673x~ d0:84:b0:fc:46:79 -88	
~xARACELLI1x~ 90:48:9a:b0:cd:4b -63	~xWLAN_0310x~ f0:f2:49:30:03:18 -45	~xAASC1x~ e8:d1:1b:b7:f1:a9 -65	~xARRIS-5EB2x~ 98:6b:3d:bf:5e:b0 -79	~xWLAN_6DDBx~ e6:ed:c7:7e:33:29 -87	~xx~ 24:a4:3c:4f:1b:fa -90	~xMOVISTAR_05DEx~ 08:6a:0a:61:05:e1 -85	~xHogar Ilimitado Entelx~ 54:09:55:db:1e:e2 -88	~xLucasx~ d4:7b:b0:85:1d:c4 -92	~xRODOLFOx~ 94:e8:c5:3c:2d:10 -91	~xTP-LINK_5B8282x~ e8:94:f6:5b:82:82 -86	~xTP-LINK_9D7Cx~ 84:16:f9:ff:9d:7c -90	~xWLAN_4673x~ d0:84:b0:fc:46:79 -88	
~xARACELLI1x~ 90:48:9a:b0:cd:4b -63	~xWLAN_0310x~ f0:f2:49:30:03:18 -45	~xAASC1x~ e8:d1:1b:b7:f1:a9 -65	~xARRIS-5EB2x~ 98:6b:3d:bf:5e:b0 -79	~xWLAN_6DDBx~ e6:ed:c7:7e:33:29 -87	~xx~ 24:a4:3c:4f:1b:fa -90	~xMOVISTAR_05DEx~ 08:6a:0a:61:05:e1 -85	~xHogar Ilimitado Entelx~ 54:09:55:db:1e:e2 -88	~xLucasx~ d4:7b:b0:85:1d:c4 -92	~xRODOLFOx~ 94:e8:c5:3c:2d:10 -91	~xTP-LINK_5B8282x~ e8:94:f6:5b:82:82 -86	~xTP-LINK_9D7Cx~ 84:16:f9:ff:9d:7c -90	~xWLAN_4673x~ d0:84:b0:fc:46:79 -88	
~xARACELLI1x~ 90:48:9a:b0:cd:4b -63	~xWLAN_0310x~ f0:f2:49:30:03:18 -45	~xAASC1x~ e8:d1:1b:b7:f1:a9 -65	~xARRIS-5EB2x~ 98:6b:3d:bf:5e:b0 -79	~xWLAN_6DDBx~ e6:ed:c7:7e:33:29 -87	~xx~ 24:a4:3c:4f:1b:fa -90	~xMOVISTAR_05DEx~ 08:6a:0a:61:05:e1 -85	~xHogar Ilimitado Entelx~ 54:09:55:db:1e:e2 -88	~xLucasx~ d4:7b:b0:85:1d:c4 -92	~xRODOLFOx~ 94:e8:c5:3c:2d:10 -91	~xTP-LINK_5B8282x~ e8:94:f6:5b:82:82 -86	~xTP-LINK_9D7Cx~ 84:16:f9:ff:9d:7c -90	~xWLAN_4673x~ d0:84:b0:fc:46:79 -88	
~xARACELLI1x~ 90:48:9a:b0:cd:4b -64	~xWLAN_0310x~ f0:f2:49:30:03:18 -44	~xAASC1x~ e8:d1:1b:b7:f1:a9 -67	~xARRIS-5EB2x~ 98:6b:3d:bf:5e:b0 -86	~xWLAN_6DDBx~ e6:ed:c7:7e:33:29 -91	~xx~ 24:a4:3c:4f:1b:fa -87	~xMOVISTAR_05DEx~ 08:6a:0a:61:05:e1 -85	~xHogar Ilimitado Entelx~ 54:09:55:db:1e:e2 -88	~xTP-LINK_5B8282x~ e8:94:f6:5b:82:82 -86	~xTP-LINK_9D7Cx~ 84:16:f9:ff:9d:7c -90	~xWLAN_4673x~ d0:84:b0:fc:46:79 -88	
~xARACELLI1x~ 90:48:9a:b0:cd:4b -64	~xWLAN_0310x~ f0:f2:49:30:03:18 -44	~xAASC1x~ e8:d1:1b:b7:f1:a9 -67	~xARRIS-5EB2x~ 98:6b:3d:bf:5e:b0 -86	~xWLAN_6DDBx~ e6:ed:c7:7e:33:29 -91	~xx~ 24:a4:3c:4f:1b:fa -87	~xMOVISTAR_05DEx~ 08:6a:0a:61:05:e1 -85	~xHogar Ilimitado Entelx~ 54:09:55:db:1e:e2 -88	~xTP-LINK_5B8282x~ e8:94:f6:5b:82:82 -86	~xTP-LINK_9D7Cx~ 84:16:f9:ff:9d:7c -90	~xWLAN_4673x~ d0:84:b0:fc:46:79 -88	
~xARACELLI1x~ 90:48:9a:b0:cd:4b -64	~xWLAN_0310x~ f0:f2:49:30:03:18 -44	~xAASC1x~ e8:d1:1b:b7:f1:a9 -67	~xARRIS-5EB2x~ 98:6b:3d:bf:5e:b0 -86	~xWLAN_6DDBx~ e6:ed:c7:7e:33:29 -91	~xx~ 24:a4:3c:4f:1b:fa -87	~xMOVISTAR_05DEx~ 08:6a:0a:61:05:e1 -85	~xHogar Ilimitado Entelx~ 54:09:55:db:1e:e2 -88	~xTP-LINK_5B8282x~ e8:94:f6:5b:82:82 -86	~xTP-LINK_9D7Cx~ 84:16:f9:ff:9d:7c -90	~xWLAN_4673x~ d0:84:b0:fc:46:79 -88	
~xARACELLI1x~ 90:48:9a:b0:cd:4b -61	~xWLAN_0310x~ f0:f2:49:30:03:18 -40	~xAASC1x~ e8:d1:1b:b7:f1:a9 -68	~xARRIS-5EB2x~ 98:6b:3d:bf:5e:b0 -89	~xWLAN_6DDBx~ e6:ed:c7:7e:33:29 -91	~xx~ 24:a4:3c:4f:1b:fa -87	~xMOVISTAR_05DEx~ 08:6a:0a:61:05:e1 -85	~xHogar Ilimitado Entelx~ 54:09:55:db:1e:e2 -88	~xTP-LINK_5B8282x~ e8:94:f6:5b:82:82 -86	~xTP-LINK_9D7Cx~ 84:16:f9:ff:9d:7c -90	~xWLAN_4673x~ d0:84:b0:fc:46:79 -88	
~xARACELLI1x~ 90:48:9a:b0:cd:4b -61	~xWLAN_0310x~ f0:f2:49:30:03:18 -40	~xAASC1x~ e8:d1:1b:b7:f1:a9 -68	~xARRIS-5EB2x~ 98:6b:3d:bf:5e:b0 -89	~xWLAN_6DDBx~ e6:ed:c7:7e:33:29 -91	~xx~ 24:a4:3c:4f:1b:fa -87	~xMOVISTAR_05DEx~ 08:6a:0a:61:05:e1 -85	~xHogar Ilimitado Entelx~ 54:09:55:db:1e:e2 -88	~xTP-LINK_5B8282x~ e8:94:f6:5b:82:82 -86	~xTP-LINK_9D7Cx~ 84:16:f9:ff:9d:7c -90	~xWLAN_4673x~ d0:84:b0:fc:46:79 -88	
~xARACELLI1x~ 90:48:9a:b0:cd:4b -61	~xWLAN_0310x~ f0:f2:49:30:03:18 -40	~xAASC1x~ e8:d1:1b:b7:f1:a9 -68	~xARRIS-5EB2x~ 98:6b:3d:bf:5e:b0 -89	~xWLAN_6DDBx~ e6:ed:c7:7e:33:29 -91	~xx~ 24:a4:3c:4f:1b:fa -87	~xMOVISTAR_05DEx~ 08:6a:0a:61:05:e1 -85	~xHogar Ilimitado Entelx~ 54:09:55:db:1e:e2 -88	~xTP-LINK_5B8282x~ e8:94:f6:5b:82:82 -86	~xTP-LINK_9D7Cx~ 84:16:f9:ff:9d:7c -90	~xWLAN_4673x~ d0:84:b0:fc:46:79 -88	
~xARACELLI1x~ 90:48:9a:b0:cd:4b -67	~xWLAN_0310x~ f0:f2:49:30:03:18 -34	~xAASC1x~ e8:d1:1b:b7:f1:a9 -73	~xARRIS-5EB2x~ 98:6b:3d:bf:5e:b0 -87	~xWLAN_6DDBx~ e6:ed:c7:7e:33:29 -91	~xx~ 24:a4:3c:4f:1b:fa -87	~xMOVISTAR_05DEx~ 08:6a:0a:61:05:e1 -85	~xHogar Ilimitado Entelx~ 54:09:55:db:1e:e2 -88	~xTP-LINK_5B8282x~ e8:94:f6:5b:82:82 -86	~xTP-LINK_9D7Cx~ 84:16:f9:ff:9d:7c -90	~xWLAN_4673x~ d0:84:b0:fc:46:79 -88	~xRODOLFOx~ 94:e8:c5:3c:2d:10 -83	
~xARACELLI1x~ 90:48:9a:b0:cd:4b -67	~xWLAN_0310x~ f0:f2:49:30:03:18 -34	~xAASC1x~ e8:d1:1b:b7:f1:a9 -73	~xARRIS-5EB2x~ 98:6b:3d:bf:5e:b0 -87	~xWLAN_6DDBx~ e6:ed:c7:7e:33:29 -91	~xx~ 24:a4:3c:4f:1b:fa -87	~xMOVISTAR_05DEx~ 08:6a:0a:61:05:e1 -85	~xHogar Ilimitado Entelx~ 54:09:55:db:1e:e2 -88	~xTP-LINK_5B8282x~ e8:94:f6:5b:82:82 -86	~xTP-LINK_9D7Cx~ 84:16:f9:ff:9d:7c -90	~xWLAN_4673x~ d0:84:b0:fc:46:79 -88	~xRODOLFOx~ 94:e8:c5:3c:2d:10 -83	
~xARACELLI1x~ 90:48:9a:b0:cd:4b -57	~xWLAN_0310x~ f0:f2:49:30:03:18 -40	~xAASC1x~ e8:d1:1b:b7:f1:a9 -73	~xARRIS-5EB2x~ 98:6b:3d:bf:5e:b0 -84	~xWLAN_6DDBx~ e6:ed:c7:7e:33:29 -90	~xx~ 24:a4:3c:4f:1b:fa -87	~xMOVISTAR_05DEx~ 08:6a:0a:61:05:e1 -82	~xHogar Ilimitado Entelx~ 54:09:55:db:1e:e2 -88	~xTP-LINK_5B8282x~ e8:94:f6:5b:82:82 -86	~xWLAN_4673x~ d0:84:b0:fc:46:79 -90	~xRODOLFOx~ 94:e8:c5:3c:2d:10 -83	
~xARACELLI1x~ 90:48:9a:b0:cd:4b -57	~xWLAN_0310x~ f0:f2:49:30:03:18 -40	~xAASC1x~ e8:d1:1b:b7:f1:a9 -73	~xARRIS-5EB2x~ 98:6b:3d:bf:5e:b0 -84	~xWLAN_6DDBx~ e6:ed:c7:7e:33:29 -90	~xx~ 24:a4:3c:4f:1b:fa -87	~xMOVISTAR_05DEx~ 08:6a:0a:61:05:e1 -82	~xHogar Ilimitado Entelx~ 54:09:55:db:1e:e2 -88	~xTP-LINK_5B8282x~ e8:94:f6:5b:82:82 -86	~xWLAN_4673x~ d0:84:b0:fc:46:79 -90	~xRODOLFOx~ 94:e8:c5:3c:2d:10 -83	
~xARACELLI1x~ 90:48:9a:b0:cd:4b -57	~xWLAN_0310x~ f0:f2:49:30:03:18 -40	~xAASC1x~ e8:d1:1b:b7:f1:a9 -73	~xARRIS-5EB2x~ 98:6b:3d:bf:5e:b0 -84	~xWLAN_6DDBx~ e6:ed:c7:7e:33:29 -90	~xx~ 24:a4:3c:4f:1b:fa -87	~xMOVISTAR_05DEx~ 08:6a:0a:61:05:e1 -82	~xHogar Ilimitado Entelx~ 54:09:55:db:1e:e2 -88	~xTP-LINK_5B8282x~ e8:94:f6:5b:82:82 -86	~xWLAN_4673x~ d0:84:b0:fc:46:79 -90	~xRODOLFOx~ 94:e8:c5:3c:2d:10 -83	
~xARACELLI1x~ 90:48:9a:b0:cd:4b -61	~xWLAN_0310x~ f0:f2:49:30:03:18 -42	~xAASC1x~ e8:d1:1b:b7:f1:a9 -69	~xARRIS-5EB2x~ 98:6b:3d:bf:5e:b0 -90	~xWLAN_6DDBx~ e6:ed:c7:7e:33:29 -88	~xx~ 24:a4:3c:4f:1b:fa -87	~xMOVISTAR_05DEx~ 08:6a:0a:61:05:e1 -82	~xHogar Ilimitado Entelx~ 54:09:55:db:1e:e2 -88	~xWLAN_4673x~ d0:84:b0:fc:46:79 -90	~xRODOLFOx~ 94:e8:c5:3c:2d:10 -83	
~xARACELLI1x~ 90:48:9a:b0:cd:4b -61	~xWLAN_0310x~ f0:f2:49:30:03:18 -42	~xAASC1x~ e8:d1:1b:b7:f1:a9 -69	~xARRIS-5EB2x~ 98:6b:3d:bf:5e:b0 -90	~xWLAN_6DDBx~ e6:ed:c7:7e:33:29 -88	~xx~ 24:a4:3c:4f:1b:fa -87	~xMOVISTAR_05DEx~ 08:6a:0a:61:05:e1 -82	~xHogar Ilimitado Entelx~ 54:09:55:db:1e:e2 -88	~xWLAN_4673x~ d0:84:b0:fc:46:79 -90	~xRODOLFOx~ 94:e8:c5:3c:2d:10 -83	
~xARACELLI1x~ 90:48:9a:b0:cd:4b -61	~xWLAN_0310x~ f0:f2:49:30:03:18 -42	~xAASC1x~ e8:d1:1b:b7:f1:a9 -69	~xARRIS-5EB2x~ 98:6b:3d:bf:5e:b0 -90	~xWLAN_6DDBx~ e6:ed:c7:7e:33:29 -88	~xx~ 24:a4:3c:4f:1b:fa -87	~xMOVISTAR_05DEx~ 08:6a:0a:61:05:e1 -82	~xHogar Ilimitado Entelx~ 54:09:55:db:1e:e2 -88	~xWLAN_4673x~ d0:84:b0:fc:46:79 -90	~xRODOLFOx~ 94:e8:c5:3c:2d:10 -83	
~xARACELLI1x~ 90:48:9a:b0:cd:4b -57	~xWLAN_0310x~ f0:f2:49:30:03:18 -51	~xAASC1x~ e8:d1:1b:b7:f1:a9 -64	~xARRIS-5EB2x~ 98:6b:3d:bf:5e:b0 -90	~xWLAN_6DDBx~ e6:ed:c7:7e:33:29 -89	~xMOVISTAR_05DEx~ 08:6a:0a:61:05:e1 -82	~xHogar Ilimitado Entelx~ 54:09:55:db:1e:e2 -88	~xWLAN_4673x~ d0:84:b0:fc:46:79 -90	~xRODOLFOx~ 94:e8:c5:3c:2d:10 -83	~xLucasx~ d4:7b:b0:85:1d:c4 -92	
~xARACELLI1x~ 90:48:9a:b0:cd:4b -57	~xWLAN_0310x~ f0:f2:49:30:03:18 -51	~xAASC1x~ e8:d1:1b:b7:f1:a9 -64	~xARRIS-5EB2x~ 98:6b:3d:bf:5e:b0 -90	~xWLAN_6DDBx~ e6:ed:c7:7e:33:29 -89	~xMOVISTAR_05DEx~ 08:6a:0a:61:05:e1 -82	~xHogar Ilimitado Entelx~ 54:09:55:db:1e:e2 -88	~xWLAN_4673x~ d0:84:b0:fc:46:79 -90	~xRODOLFOx~ 94:e8:c5:3c:2d:10 -83	~xLucasx~ d4:7b:b0:85:1d:c4 -92	
~xARACELLI1x~ 90:48:9a:b0:cd:4b -56	~xWLAN_0310x~ f0:f2:49:30:03:18 -41	~xAASC1x~ e8:d1:1b:b7:f1:a9 -71	~xARRIS-5EB2x~ 98:6b:3d:bf:5e:b0 -84	~xWLAN_6DDBx~ e6:ed:c7:7e:33:29 -90	~xMOVISTAR_05DEx~ 08:6a:0a:61:05:e1 -82	~xWLAN_4673x~ d0:84:b0:fc:46:79 -90	~xRODOLFOx~ 94:e8:c5:3c:2d:10 -89	~xLucasx~ d4:7b:b0:85:1d:c4 -90	~xTP-LINK_5B8282x~ e8:94:f6:5b:82:82 -87	~xx~ 24:a4:3c:4f:1b:fa -85	
~xARACELLI1x~ 90:48:9a:b0:cd:4b -56	~xWLAN_0310x~ f0:f2:49:30:03:18 -41	~xAASC1x~ e8:d1:1b:b7:f1:a9 -71	~xARRIS-5EB2x~ 98:6b:3d:bf:5e:b0 -84	~xWLAN_6DDBx~ e6:ed:c7:7e:33:29 -90	~xMOVISTAR_05DEx~ 08:6a:0a:61:05:e1 -82	~xWLAN_4673x~ d0:84:b0:fc:46:79 -90	~xRODOLFOx~ 94:e8:c5:3c:2d:10 -89	~xLucasx~ d4:7b:b0:85:1d:c4 -90	~xTP-LINK_5B8282x~ e8:94:f6:5b:82:82 -87	~xx~ 24:a4:3c:4f:1b:fa -85	
~xARACELLI1x~ 90:48:9a:b0:cd:4b -57	~xWLAN_0310x~ f0:f2:49:30:03:18 -44	~xAASC1x~ e8:d1:1b:b7:f1:a9 -65	~xARRIS-5EB2x~ 98:6b:3d:bf:5e:b0 -84	~xWLAN_6DDBx~ e6:ed:c7:7e:33:29 -86	~xMOVISTAR_05DEx~ 08:6a:0a:61:05:e1 -89	~xWLAN_4673x~ d0:84:b0:fc:46:79 -90	~xRODOLFOx~ 94:e8:c5:3c:2d:10 -88	~xLucasx~ d4:7b:b0:85:1d:c4 -90	~xTP-LINK_5B8282x~ e8:94:f6:5b:82:82 -87	~xx~ 24:a4:3c:4f:1b:fa -85	~xMOVISTAR_EB90x~ fc:5a:1d:25:eb:98 -89	
~xARACELLI1x~ 90:48:9a:b0:cd:4b -57	~xWLAN_0310x~ f0:f2:49:30:03:18 -44	~xAASC1x~ e8:d1:1b:b7:f1:a9 -65	~xARRIS-5EB2x~ 98:6b:3d:bf:5e:b0 -84	~xWLAN_6DDBx~ e6:ed:c7:7e:33:29 -86	~xMOVISTAR_05DEx~ 08:6a:0a:61:05:e1 -89	~xWLAN_4673x~ d0:84:b0:fc:46:79 -90	~xRODOLFOx~ 94:e8:c5:3c:2d:10 -88	~xLucasx~ d4:7b:b0:85:1d:c4 -90	~xTP-LINK_5B8282x~ e8:94:f6:5b:82:82 -87	~xx~ 24:a4:3c:4f:1b:fa -85	~xMOVISTAR_EB90x~ fc:5a:1d:25:eb:98 -89	
~xARACELLI1x~ 90:48:9a:b0:cd:4b -57	~xWLAN_0310x~ f0:f2:49:30:03:18 -44	~xAASC1x~ e8:d1:1b:b7:f1:a9 -65	~xARRIS-5EB2x~ 98:6b:3d:bf:5e:b0 -84	~xWLAN_6DDBx~ e6:ed:c7:7e:33:29 -86	~xMOVISTAR_05DEx~ 08:6a:0a:61:05:e1 -89	~xWLAN_4673x~ d0:84:b0:fc:46:79 -90	~xRODOLFOx~ 94:e8:c5:3c:2d:10 -88	~xLucasx~ d4:7b:b0:85:1d:c4 -90	~xTP-LINK_5B8282x~ e8:94:f6:5b:82:82 -87	~xx~ 24:a4:3c:4f:1b:fa -85	~xMOVISTAR_EB90x~ fc:5a:1d:25:eb:98 -89	
~xARACELLI1x~ 90:48:9a:b0:cd:4b -67	~xWLAN_0310x~ f0:f2:49:30:03:18 -43	~xAASC1x~ e8:d1:1b:b7:f1:a9 -64	~xARRIS-5EB2x~ 98:6b:3d:bf:5e:b0 -89	~xWLAN_6DDBx~ e6:ed:c7:7e:33:29 -86	~xMOVISTAR_05DEx~ 08:6a:0a:61:05:e1 -81	~xRODOLFOx~ 94:e8:c5:3c:2d:10 -88	~xLucasx~ d4:7b:b0:85:1d:c4 -90	~xTP-LINK_5B8282x~ e8:94:f6:5b:82:82 -87	~xx~ 24:a4:3c:4f:1b:fa -85	~xMOVISTAR_EB90x~ fc:5a:1d:25:eb:98 -89	
~xARACELLI1x~ 90:48:9a:b0:cd:4b -67	~xWLAN_0310x~ f0:f2:49:30:03:18 -43	~xAASC1x~ e8:d1:1b:b7:f1:a9 -64	~xARRIS-5EB2x~ 98:6b:3d:bf:5e:b0 -89	~xWLAN_6DDBx~ e6:ed:c7:7e:33:29 -86	~xMOVISTAR_05DEx~ 08:6a:0a:61:05:e1 -81	~xRODOLFOx~ 94:e8:c5:3c:2d:10 -88	~xLucasx~ d4:7b:b0:85:1d:c4 -90	~xTP-LINK_5B8282x~ e8:94:f6:5b:82:82 -87	~xx~ 24:a4:3c:4f:1b:fa -85	~xMOVISTAR_EB90x~ fc:5a:1d:25:eb:98 -89	
~xARACELLI1x~ 90:48:9a:b0:cd:4b -67	~xWLAN_0310x~ f0:f2:49:30:03:18 -43	~xAASC1x~ e8:d1:1b:b7:f1:a9 -64	~xARRIS-5EB2x~ 98:6b:3d:bf:5e:b0 -89	~xWLAN_6DDBx~ e6:ed:c7:7e:33:29 -86	~xMOVISTAR_05DEx~ 08:6a:0a:61:05:e1 -81	~xRODOLFOx~ 94:e8:c5:3c:2d:10 -88	~xLucasx~ d4:7b:b0:85:1d:c4 -90	~xTP-LINK_5B8282x~ e8:94:f6:5b:82:82 -87	~xx~ 24:a4:3c:4f:1b:fa -85	~xMOVISTAR_EB90x~ fc:5a:1d:25:eb:98 -89	
~xARACELLI1x~ 90:48:9a:b0:cd:4b -69	~xWLAN_0310x~ f0:f2:49:30:03:18 -49	~xAASC1x~ e8:d1:1b:b7:f1:a9 -65	~xARRIS-5EB2x~ 98:6b:3d:bf:5e:b0 -89	~xWLAN_6DDBx~ e6:ed:c7:7e:33:29 -86	~xMOVISTAR_05DEx~ 08:6a:0a:61:05:e1 -84	~xRODOLFOx~ 94:e8:c5:3c:2d:10 -88	~xLucasx~ d4:7b:b0:85:1d:c4 -90	~xTP-LINK_5B8282x~ e8:94:f6:5b:82:82 -87	~xx~ 24:a4:3c:4f:1b:fa -84	~xMOVISTAR_EB90x~ fc:5a:1d:25:eb:98 -89	
~xARACELLI1x~ 90:48:9a:b0:cd:4b -69	~xWLAN_0310x~ f0:f2:49:30:03:18 -49	~xAASC1x~ e8:d1:1b:b7:f1:a9 -65	~xARRIS-5EB2x~ 98:6b:3d:bf:5e:b0 -89	~xWLAN_6DDBx~ e6:ed:c7:7e:33:29 -86	~xMOVISTAR_05DEx~ 08:6a:0a:61:05:e1 -84	~xRODOLFOx~ 94:e8:c5:3c:2d:10 -88	~xLucasx~ d4:7b:b0:85:1d:c4 -90	~xTP-LINK_5B8282x~ e8:94:f6:5b:82:82 -87	~xx~ 24:a4:3c:4f:1b:fa -84	~xMOVISTAR_EB90x~ fc:5a:1d:25:eb:98 -89	
~xARACELLI1x~ 90:48:9a:b0:cd:4b -62	~xWLAN_0310x~ f0:f2:49:30:03:18 -33	~xAASC1x~ e8:d1:1b:b7:f1:a9 -70	~xARRIS-5EB2x~ 98:6b:3d:bf:5e:b0 -89	~xWLAN_6DDBx~ e6:ed:c7:7e:33:29 -86	~xMOVISTAR_05DEx~ 08:6a:0a:61:05:e1 -89	~xRODOLFOx~ 94:e8:c5:3c:2d:10 -88	~xLucasx~ d4:7b:b0:85:1d:c4 -90	~xTP-LINK_5B8282x~ e8:94:f6:5b:82:82 -87	~xx~ 24:a4:3c:4f:1b:fa -84	~xMOVISTAR_EB90x~ fc:5a:1d:25:eb:98 -86	~xWLAN_4673x~ d0:84:b0:fc:46:79 -93	
~xARACELLI1x~ 90:48:9a:b0:cd:4b -62	~xWLAN_0310x~ f0:f2:49:30:03:18 -33	~xAASC1x~ e8:d1:1b:b7:f1:a9 -70	~xARRIS-5EB2x~ 98:6b:3d:bf:5e:b0 -89	~xWLAN_6DDBx~ e6:ed:c7:7e:33:29 -86	~xMOVISTAR_05DEx~ 08:6a:0a:61:05:e1 -89	~xRODOLFOx~ 94:e8:c5:3c:2d:10 -88	~xLucasx~ d4:7b:b0:85:1d:c4 -90	~xTP-LINK_5B8282x~ e8:94:f6:5b:82:82 -87	~xx~ 24:a4:3c:4f:1b:fa -84	~xMOVISTAR_EB90x~ fc:5a:1d:25:eb:98 -86	~xWLAN_4673x~ d0:84:b0:fc:46:79 -93	
~xARACELLI1x~ 90:48:9a:b0:cd:4b -60	~xWLAN_0310x~ f0:f2:49:30:03:18 -33	~xAASC1x~ e8:d1:1b:b7:f1:a9 -75	~xARRIS-5EB2x~ 98:6b:3d:bf:5e:b0 -89	~xWLAN_6DDBx~ e6:ed:c7:7e:33:29 -88	~xMOVISTAR_05DEx~ 08:6a:0a:61:05:e1 -89	~xRODOLFOx~ 94:e8:c5:3c:2d:10 -88	~xTP-LINK_5B8282x~ e8:94:f6:5b:82:82 -87	~xx~ 24:a4:3c:4f:1b:fa -89	~xMOVISTAR_EB90x~ fc:5a:1d:25:eb:98 -86	~xWLAN_4673x~ d0:84:b0:fc:46:79 -93	~xHogar Ilimitado Entelx~ 54:09:55:db:1e:e2 -86	
~xARACELLI1x~ 90:48:9a:b0:cd:4b -60	~xWLAN_0310x~ f0:f2:49:30:03:18 -33	~xAASC1x~ e8:d1:1b:b7:f1:a9 -75	~xARRIS-5EB2x~ 98:6b:3d:bf:5e:b0 -89	~xWLAN_6DDBx~ e6:ed:c7:7e:33:29 -88	~xMOVISTAR_05DEx~ 08:6a:0a:61:05:e1 -89	~xRODOLFOx~ 94:e8:c5:3c:2d:10 -88	~xTP-LINK_5B8282x~ e8:94:f6:5b:82:82 -87	~xx~ 24:a4:3c:4f:1b:fa -89	~xMOVISTAR_EB90x~ fc:5a:1d:25:eb:98 -86	~xWLAN_4673x~ d0:84:b0:fc:46:79 -93	~xHogar Ilimitado Entelx~ 54:09:55:db:1e:e2 -86	
~xARACELLI1x~ 90:48:9a:b0:cd:4b -60	~xWLAN_0310x~ f0:f2:49:30:03:18 -33	~xAASC1x~ e8:d1:1b:b7:f1:a9 -75	~xARRIS-5EB2x~ 98:6b:3d:bf:5e:b0 -89	~xWLAN_6DDBx~ e6:ed:c7:7e:33:29 -88	~xMOVISTAR_05DEx~ 08:6a:0a:61:05:e1 -89	~xRODOLFOx~ 94:e8:c5:3c:2d:10 -88	~xTP-LINK_5B8282x~ e8:94:f6:5b:82:82 -87	~xx~ 24:a4:3c:4f:1b:fa -89	~xMOVISTAR_EB90x~ fc:5a:1d:25:eb:98 -86	~xWLAN_4673x~ d0:84:b0:fc:46:79 -93	~xHogar Ilimitado Entelx~ 54:09:55:db:1e:e2 -86	
~xARACELLI1x~ 90:48:9a:b0:cd:4b -59	~xWLAN_0310x~ f0:f2:49:30:03:18 -39	~xAASC1x~ e8:d1:1b:b7:f1:a9 -71	~xARRIS-5EB2x~ 98:6b:3d:bf:5e:b0 -89	~xWLAN_6DDBx~ e6:ed:c7:7e:33:29 -89	~xMOVISTAR_05DEx~ 08:6a:0a:61:05:e1 -89	~xTP-LINK_5B8282x~ e8:94:f6:5b:82:82 -87	~xx~ 24:a4:3c:4f:1b:fa -80	~xMOVISTAR_EB90x~ fc:5a:1d:25:eb:98 -86	~xWLAN_4673x~ d0:84:b0:fc:46:79 -90	~xHogar Ilimitado Entelx~ 54:09:55:db:1e:e2 -86	~xWLAN_5B7Ax~ 18:1e:78:c9:5b:80 -90	
~xARACELLI1x~ 90:48:9a:b0:cd:4b -59	~xWLAN_0310x~ f0:f2:49:30:03:18 -39	~xAASC1x~ e8:d1:1b:b7:f1:a9 -71	~xARRIS-5EB2x~ 98:6b:3d:bf:5e:b0 -89	~xWLAN_6DDBx~ e6:ed:c7:7e:33:29 -89	~xMOVISTAR_05DEx~ 08:6a:0a:61:05:e1 -89	~xTP-LINK_5B8282x~ e8:94:f6:5b:82:82 -87	~xx~ 24:a4:3c:4f:1b:fa -80	~xMOVISTAR_EB90x~ fc:5a:1d:25:eb:98 -86	~xWLAN_4673x~ d0:84:b0:fc:46:79 -90	~xHogar Ilimitado Entelx~ 54:09:55:db:1e:e2 -86	~xWLAN_5B7Ax~ 18:1e:78:c9:5b:80 -90	
~xARACELLI1x~ 90:48:9a:b0:cd:4b -59	~xWLAN_0310x~ f0:f2:49:30:03:18 -39	~xAASC1x~ e8:d1:1b:b7:f1:a9 -71	~xARRIS-5EB2x~ 98:6b:3d:bf:5e:b0 -89	~xWLAN_6DDBx~ e6:ed:c7:7e:33:29 -89	~xMOVISTAR_05DEx~ 08:6a:0a:61:05:e1 -89	~xTP-LINK_5B8282x~ e8:94:f6:5b:82:82 -87	~xx~ 24:a4:3c:4f:1b:fa -80	~xMOVISTAR_EB90x~ fc:5a:1d:25:eb:98 -86	~xWLAN_4673x~ d0:84:b0:fc:46:79 -90	~xHogar Ilimitado Entelx~ 54:09:55:db:1e:e2 -86	~xWLAN_5B7Ax~ 18:1e:78:c9:5b:80 -90	
~xARACELLI1x~ 90:48:9a:b0:cd:4b -62	~xWLAN_0310x~ f0:f2:49:30:03:18 -42	~xAASC1x~ e8:d1:1b:b7:f1:a9 -69	~xARRIS-5EB2x~ 98:6b:3d:bf:5e:b0 -78	~xWLAN_6DDBx~ e6:ed:c7:7e:33:29 -91	~xMOVISTAR_05DEx~ 08:6a:0a:61:05:e1 -89	~xx~ 24:a4:3c:4f:1b:fa -84	~xMOVISTAR_EB90x~ fc:5a:1d:25:eb:98 -89	~xWLAN_4673x~ d0:84:b0:fc:46:79 -90	~xHogar Ilimitado Entelx~ 54:09:55:db:1e:e2 -86	~xWLAN_5B7Ax~ 18:1e:78:c9:5b:80 -90	
~xARACELLI1x~ 90:48:9a:b0:cd:4b -62	~xWLAN_0310x~ f0:f2:49:30:03:18 -42	~xAASC1x~ e8:d1:1b:b7:f1:a9 -69	~xARRIS-5EB2x~ 98:6b:3d:bf:5e:b0 -78	~xWLAN_6DDBx~ e6:ed:c7:7e:33:29 -91	~xMOVISTAR_05DEx~ 08:6a:0a:61:05:e1 -89	~xx~ 24:a4:3c:4f:1b:fa -84	~xMOVISTAR_EB90x~ fc:5a:1d:25:eb:98 -89	~xWLAN_4673x~ d0:84:b0:fc:46:79 -90	~xHogar Ilimitado Entelx~ 54:09:55:db:1e:e2 -86	~xWLAN_5B7Ax~ 18:1e:78:c9:5b:80 -90	
~xARACELLI1x~ 90:48:9a:b0:cd:4b -62	~xWLAN_0310x~ f0:f2:49:30:03:18 -42	~xAASC1x~ e8:d1:1b:b7:f1:a9 -69	~xARRIS-5EB2x~ 98:6b:3d:bf:5e:b0 -78	~xWLAN_6DDBx~ e6:ed:c7:7e:33:29 -91	~xMOVISTAR_05DEx~ 08:6a:0a:61:05:e1 -89	~xx~ 24:a4:3c:4f:1b:fa -84	~xMOVISTAR_EB90x~ fc:5a:1d:25:eb:98 -89	~xWLAN_4673x~ d0:84:b0:fc:46:79 -90	~xHogar Ilimitado Entelx~ 54:09:55:db:1e:e2 -86	~xWLAN_5B7Ax~ 18:1e:78:c9:5b:80 -90	
~xARACELLI1x~ 90:48:9a:b0:cd:4b -58	~xWLAN_0310x~ f0:f2:49:30:03:18 -36	~xAASC1x~ e8:d1:1b:b7:f1:a9 -68	~xARRIS-5EB2x~ 98:6b:3d:bf:5e:b0 -83	~xWLAN_6DDBx~ e6:ed:c7:7e:33:29 -90	~xMOVISTAR_05DEx~ 08:6a:0a:61:05:e1 -89	~xx~ 24:a4:3c:4f:1b:fa -84	~xMOVISTAR_EB90x~ fc:5a:1d:25:eb:98 -89	~xWLAN_4673x~ d0:84:b0:fc:46:79 -90	~xHogar Ilimitado Entelx~ 54:09:55:db:1e:e2 -86	~xWLAN_5B7Ax~ 18:1e:78:c9:5b:80 -90	~xTP-LINK_5B8282x~ e8:94:f6:5b:82:82 -88	~xRODOLFOx~ 94:e8:c5:3c:2d:10 -90	~xLucasx~ d4:7b:b0:85:1d:c4 -91	
~xARACELLI1x~ 90:48:9a:b0:cd:4b -58	~xWLAN_0310x~ f0:f2:49:30:03:18 -36	~xAASC1x~ e8:d1:1b:b7:f1:a9 -68	~xARRIS-5EB2x~ 98:6b:3d:bf:5e:b0 -83	~xWLAN_6DDBx~ e6:ed:c7:7e:33:29 -90	~xMOVISTAR_05DEx~ 08:6a:0a:61:05:e1 -89	~xx~ 24:a4:3c:4f:1b:fa -84	~xMOVISTAR_EB90x~ fc:5a:1d:25:eb:98 -89	~xWLAN_4673x~ d0:84:b0:fc:46:79 -90	~xHogar Ilimitado Entelx~ 54:09:55:db:1e:e2 -86	~xWLAN_5B7Ax~ 18:1e:78:c9:5b:80 -90	~xTP-LINK_5B8282x~ e8:94:f6:5b:82:82 -88	~xRODOLFOx~ 94:e8:c5:3c:2d:10 -90	~xLucasx~ d4:7b:b0:85:1d:c4 -91	
~xARACELLI1x~ 90:48:9a:b0:cd:4b -66	~xWLAN_0310x~ f0:f2:49:30:03:18 -34	~xAASC1x~ e8:d1:1b:b7:f1:a9 -67	~xARRIS-5EB2x~ 98:6b:3d:bf:5e:b0 -87	~xWLAN_6DDBx~ e6:ed:c7:7e:33:29 -91	~xMOVISTAR_05DEx~ 08:6a:0a:61:05:e1 -82	~xx~ 24:a4:3c:4f:1b:fa -84	~xMOVISTAR_EB90x~ fc:5a:1d:25:eb:98 -89	~xWLAN_4673x~ d0:84:b0:fc:46:79 -90	~xHogar Ilimitado Entelx~ 54:09:55:db:1e:e2 -86	~xWLAN_5B7Ax~ 18:1e:78:c9:5b:80 -90	~xTP-LINK_5B8282x~ e8:94:f6:5b:82:82 -88	~xRODOLFOx~ 94:e8:c5:3c:2d:10 -90	~xLucasx~ d4:7b:b0:85:1d:c4 -91	
~xARACELLI1x~ 90:48:9a:b0:cd:4b -66	~xWLAN_0310x~ f0:f2:49:30:03:18 -34	~xAASC1x~ e8:d1:1b:b7:f1:a9 -67	~xARRIS-5EB2x~ 98:6b:3d:bf:5e:b0 -87	~xWLAN_6DDBx~ e6:ed:c7:7e:33:29 -91	~xMOVISTAR_05DEx~ 08:6a:0a:61:05:e1 -82	~xx~ 24:a4:3c:4f:1b:fa -84	~xMOVISTAR_EB90x~ fc:5a:1d:25:eb:98 -89	~xWLAN_4673x~ d0:84:b0:fc:46:79 -90	~xHogar Ilimitado Entelx~ 54:09:55:db:1e:e2 -86	~xWLAN_5B7Ax~ 18:1e:78:c9:5b:80 -90	~xTP-LINK_5B8282x~ e8:94:f6:5b:82:82 -88	~xRODOLFOx~ 94:e8:c5:3c:2d:10 -90	~xLucasx~ d4:7b:b0:85:1d:c4 -91	
~xARACELLI1x~ 90:48:9a:b0:cd:4b -66	~xWLAN_0310x~ f0:f2:49:30:03:18 -34	~xAASC1x~ e8:d1:1b:b7:f1:a9 -67	~xARRIS-5EB2x~ 98:6b:3d:bf:5e:b0 -87	~xWLAN_6DDBx~ e6:ed:c7:7e:33:29 -91	~xMOVISTAR_05DEx~ 08:6a:0a:61:05:e1 -82	~xx~ 24:a4:3c:4f:1b:fa -84	~xMOVISTAR_EB90x~ fc:5a:1d:25:eb:98 -89	~xWLAN_4673x~ d0:84:b0:fc:46:79 -90	~xHogar Ilimitado Entelx~ 54:09:55:db:1e:e2 -86	~xWLAN_5B7Ax~ 18:1e:78:c9:5b:80 -90	~xTP-LINK_5B8282x~ e8:94:f6:5b:82:82 -88	~xRODOLFOx~ 94:e8:c5:3c:2d:10 -90	~xLucasx~ d4:7b:b0:85:1d:c4 -91	